scan,side,vessel,loc,L_mm,ds_pct,bed,band_cohort,ffr_clean,flip_clean,n_outlets_clean,error_type,protocol,status,meas_same_point,n_outlets,n_outlets_shared,n_territories,info_cut_arc_mm,info_length_lost_mm,info_segments_deleted,C_clean,C,C_ratio,ffr,dFFR,flip,flip_dir,outlet_flow_residual,inflow_mls,inflow_clean_mls,converged,iters,mass_err,info_length_delta_mm,info_radius_scale,info_segments_scaled,info_from_arc_mm,info_branch_r_mm,info_branch_arc_mm,info_branch_to_host_ratio
102,left,LAD,mid,20.0,80,leaky,"[0.65, 0.7)",0.6863863434213395,1,6,T1_missed_branch,,skipped: no deletable downstream branch,,,,,,,,,,,,,,,,,,,,,,,,,,,
102,left,LAD,mid,20.0,80,leaky,"[0.65, 0.7)",0.6863863434213395,1,6,T2_truncation,A_fixed,ok,False,6.0,6.0,3.0,70.30771343813939,81.07699021827673,0.0,54.60609845356183,54.60609845356183,1.0,0.9094114601713555,0.22302511675001602,1.0,to_negative,0.006320114628937874,3.7065632398146455,3.8494221994649886,True,28.0,3.335513816497576e-12,,,,,,,
102,left,LAD,mid,20.0,80,leaky,"[0.65, 0.7)",0.6863863434213395,1,6,T2_truncation,B_rederived,ok,False,6.0,6.0,3.0,70.30771343813939,81.07699021827673,0.0,54.60609845356183,55.32007993057278,1.0130751234245043,0.6876930476369497,0.0013067042156101882,0.0,,0.05933612702062294,3.853990634150595,3.8494221994649886,True,28.0,6.5848510133391375e-12,,,,,,,
102,left,LAD,mid,20.0,80,leaky,"[0.65, 0.7)",0.6863863434213395,1,6,T2_truncation,C_flowmatched,ok,False,6.0,6.0,3.0,70.30771343813939,81.07699021827673,0.0,54.60609845356183,56.87477501788826,1.0415462123933972,0.694660944408821,0.00827460098748145,0.0,,0.05272485111808773,3.752305403494627,3.8494221994649886,True,28.0,5.48619129307084e-12,,,,,,,
102,left,LAD,mid,20.0,80,leaky,"[0.65, 0.7)",0.6863863434213395,1,6,T3_stenosis_length,A_fixed,ok,True,6.0,6.0,3.0,,,,54.60609845356183,54.60609845356183,1.0,0.6708627293933267,-0.015523614028012833,0.0,,0.0015221126988455155,3.8440185080437077,3.8494221994649886,True,28.0,6.543540398941727e-12,2.46,,,,,,
102,left,LAD,mid,20.0,80,leaky,"[0.65, 0.7)",0.6863863434213395,1,6,T3_stenosis_length,B_rederived,ok,True,6.0,6.0,3.0,,,,54.60609845356183,54.60609845356183,1.0,0.6708627293933267,-0.015523614028012833,0.0,,0.0015221126988455155,3.8440185080437077,3.8494221994649886,True,28.0,6.543540398941727e-12,2.46,,,,,,
102,left,LAD,mid,20.0,80,leaky,"[0.65, 0.7)",0.6863863434213395,1,6,T3_stenosis_length,C_flowmatched,ok,True,6.0,6.0,3.0,,,,54.60609845356183,54.557999824303394,0.9991191711068803,0.6706409296173154,-0.015745413804024166,0.0,,0.0012595554232985933,3.847282291435444,3.8494221994649886,True,28.0,3.681581924860966e-12,2.46,,,,,,
102,left,LAD,mid,20.0,80,leaky,"[0.65, 0.7)",0.6863863434213395,1,6,T4_taper,A_fixed,ok,True,6.0,6.0,3.0,,,,54.60609845356183,54.60609845356183,1.0,0.6522337168718001,-0.03415262654953943,0.0,,0.003548211775015163,3.8368256016304927,3.8494221994649886,True,28.0,7.66558819223172e-12,,0.93,1.0,35.52663793380648,,,
102,left,LAD,mid,20.0,80,leaky,"[0.65, 0.7)",0.6863863434213395,1,6,T4_taper,B_rederived,ok,True,6.0,6.0,3.0,,,,54.60609845356183,54.16827426983466,0.9919821375976989,0.680578878238685,-0.005807465182654514,0.0,,0.006610371314089631,3.859133597363581,3.8494221994649886,True,28.0,1.430204798137687e-11,,0.93,1.0,35.52663793380648,,,
102,left,LAD,mid,20.0,80,leaky,"[0.65, 0.7)",0.6863863434213395,1,6,T4_taper,C_flowmatched,ok,True,6.0,6.0,3.0,,,,54.60609845356183,54.4270038879975,0.9967202460780707,0.6817641094882426,-0.004622233933096909,0.0,,0.004706340541051549,3.8414126452136568,3.8494221994649886,True,28.0,1.0216885098227998e-11,,0.93,1.0,35.52663793380648,,,
102,left,LAD,mid,20.0,80,discrete,"[0.65, 0.7)",0.46793368211558145,1,6,T1_missed_branch,,skipped: no deletable downstream branch,,,,,,,,,,,,,,,,,,,,,,,,,,,
102,left,LAD,mid,20.0,80,discrete,"[0.65, 0.7)",0.46793368211558145,1,6,T2_truncation,A_fixed,ok,False,6.0,6.0,3.0,70.30771343813939,81.07699021827673,0.0,51.508101534724524,51.508101534724524,1.0,0.9962532982424066,0.5283196161268251,1.0,to_negative,0.000533549257300629,2.9934386582401924,3.3196120524180137,True,28.0,6.539845212144837e-12,,,,,,,
102,left,LAD,mid,20.0,80,discrete,"[0.65, 0.7)",0.46793368211558145,1,6,T2_truncation,B_rederived,ok,False,6.0,6.0,3.0,70.30771343813939,81.07699021827673,0.0,51.508101534724524,68.59540003337847,1.331740017386089,0.28243566105029044,-0.185498021065291,0.0,,0.2064079321151075,2.7105476421994075,3.3196120524180137,True,28.0,3.290417507982699e-12,,,,,,,
102,left,LAD,mid,20.0,80,discrete,"[0.65, 0.7)",0.46793368211558145,1,6,T2_truncation,C_flowmatched,ok,False,6.0,6.0,3.0,70.30771343813939,81.07699021827673,0.0,51.508101534724524,60.46474559440116,1.1738880640677167,0.2597644452888236,-0.20816923682675786,0.0,,0.18298297542143704,2.9992939104004877,3.3196120524180137,True,28.0,1.054098254480343e-12,,,,,,,
102,left,LAD,mid,20.0,80,discrete,"[0.65, 0.7)",0.46793368211558145,1,6,T3_stenosis_length,A_fixed,ok,True,6.0,6.0,3.0,,,,51.508101534724524,51.508101534724524,1.0,0.45470831216100704,-0.013225369954574406,0.0,,0.0043720963700796854,3.309151353079271,3.3196120524180137,True,28.0,7.550509243059338e-12,2.46,,,,,,
102,left,LAD,mid,20.0,80,discrete,"[0.65, 0.7)",0.46793368211558145,1,6,T3_stenosis_length,B_rederived,ok,True,6.0,6.0,3.0,,,,51.508101534724524,51.508101534724524,1.0,0.45470831216100704,-0.013225369954574406,0.0,,0.0043720963700796854,3.309151353079271,3.3196120524180137,True,28.0,7.550509243059338e-12,2.46,,,,,,
102,left,LAD,mid,20.0,80,discrete,"[0.65, 0.7)",0.46793368211558145,1,6,T3_stenosis_length,C_flowmatched,ok,True,6.0,6.0,3.0,,,,51.508101534724524,51.37496653760131,0.9974152610335781,0.4541745965254404,-0.013759085590141051,0.0,,0.003792439126730891,3.3162322825702475,3.3196120524180137,True,28.0,6.39048746229677e-12,2.46,,,,,,
102,left,LAD,mid,20.0,80,discrete,"[0.65, 0.7)",0.46793368211558145,1,6,T4_taper,A_fixed,ok,True,6.0,6.0,3.0,,,,51.508101534724524,51.508101534724524,1.0,0.452331364981422,-0.015602317134159438,0.0,,0.01390764739353123,3.286336546659958,3.3196120524180137,True,28.0,7.341961687866337e-12,,0.93,1.0,35.52663793380648,,,
102,left,LAD,mid,20.0,80,discrete,"[0.65, 0.7)",0.46793368211558145,1,6,T4_taper,B_rederived,ok,True,6.0,6.0,3.0,,,,51.508101534724524,48.42926761170096,0.9402262201229072,0.5025500736117882,0.03461639149620671,0.0,,0.0460048394219134,3.4334878357893244,3.3196120524180137,True,28.0,3.0026789115260195e-12,,0.93,1.0,35.52663793380648,,,
102,left,LAD,mid,20.0,80,discrete,"[0.65, 0.7)",0.46793368211558145,1,6,T4_taper,C_flowmatched,ok,True,6.0,6.0,3.0,,,,51.508101534724524,50.77241198838928,0.9857170129666054,0.5126226118802107,0.04468892976462929,0.0,,0.021190772563596437,3.3007037598913147,3.3196120524180137,True,28.0,4.27865732792572e-12,,0.93,1.0,35.52663793380648,,,
280,left,LAD,prox,20.0,80,leaky,"[0.65, 0.7)",0.6818151296140292,1,6,T1_missed_branch,,skipped: no deletable downstream branch,,,,,,,,,,,,,,,,,,,,,,,,,,,
280,left,LAD,prox,20.0,80,leaky,"[0.65, 0.7)",0.6818151296140292,1,6,T2_truncation,A_fixed,ok,False,6.0,6.0,2.0,45.25878242459415,95.63090078027513,0.0,56.570754601289416,56.570754601289416,1.0,0.8201626808091358,0.13834755119510656,1.0,to_negative,0.020364824618122893,1.255865188442537,1.3272413697275147,True,28.0,5.129618321797559e-12,,,,,,,
280,left,LAD,prox,20.0,80,leaky,"[0.65, 0.7)",0.6818151296140292,1,6,T2_truncation,B_rederived,ok,False,6.0,6.0,2.0,45.25878242459415,95.63090078027513,0.0,56.570754601289416,60.1358226804093,1.0630196309779933,0.6387029737805279,-0.043112155833501364,0.0,,0.08108178738275278,1.2881411167644095,1.3272413697275147,True,28.0,9.338205640395785e-12,,,,,,,
280,left,LAD,prox,20.0,80,leaky,"[0.65, 0.7)",0.6818151296140292,1,6,T2_truncation,C_flowmatched,ok,False,6.0,6.0,2.0,45.25878242459415,95.63090078027513,0.0,56.570754601289416,61.50307197625606,1.0871884670750744,0.644804561297595,-0.037010568316434234,0.0,,0.07833594790840599,1.2621522736745285,1.3272413697275147,True,28.0,8.255393790225709e-12,,,,,,,
280,left,LAD,prox,20.0,80,leaky,"[0.65, 0.7)",0.6818151296140292,1,6,T3_stenosis_length,A_fixed,ok,True,6.0,6.0,2.0,,,,56.570754601289416,56.570754601289416,1.0,0.6660386975947484,-0.015776432019280806,0.0,,0.0037132716750135106,1.322464440824526,1.3272413697275147,True,28.0,5.230288871106513e-12,2.46,,,,,,
280,left,LAD,prox,20.0,80,leaky,"[0.65, 0.7)",0.6818151296140292,1,6,T3_stenosis_length,B_rederived,ok,True,6.0,6.0,2.0,,,,56.570754601289416,56.570754601289416,1.0,0.6660386975947484,-0.015776432019280806,0.0,,0.0037132716750135106,1.322464440824526,1.3272413697275147,True,28.0,5.230288871106513e-12,2.46,,,,,,
280,left,LAD,prox,20.0,80,leaky,"[0.65, 0.7)",0.6818151296140292,1,6,T3_stenosis_length,C_flowmatched,ok,True,6.0,6.0,2.0,,,,56.570754601289416,56.42217296740103,0.9973735256859204,0.6653578447311309,-0.016457284882898326,0.0,,0.0027647617190146856,1.32568564314862,1.3272413697275147,True,28.0,9.103450532645999e-12,2.46,,,,,,
280,left,LAD,prox,20.0,80,leaky,"[0.65, 0.7)",0.6818151296140292,1,6,T4_taper,A_fixed,ok,True,6.0,6.0,2.0,,,,56.570754601289416,56.570754601289416,1.0,0.6766334507012558,-0.005181678912773435,0.0,,0.0005917869161114147,1.2568396943493376,1.3272413697275147,True,28.0,3.5562061928176284e-12,,0.93,5.0,10.319623109829665,,,
280,left,LAD,prox,20.0,80,leaky,"[0.65, 0.7)",0.6818151296140292,1,6,T4_taper,B_rederived,ok,True,6.0,6.0,2.0,,,,56.570754601289416,54.842947055917264,0.9694575835597432,0.6728782504647587,-0.008936879149270549,0.0,,0.06472276916999713,1.3428081020675813,1.3272413697275147,True,28.0,2.762712367481913e-12,,0.93,5.0,10.319623109829665,,,
280,left,LAD,prox,20.0,80,leaky,"[0.65, 0.7)",0.6818151296140292,1,6,T4_taper,C_flowmatched,ok,True,6.0,6.0,2.0,,,,56.570754601289416,58.21059827513746,1.028987480994476,0.6878717273212448,0.006056597707215561,0.0,,0.02809794203135159,1.269724725505612,1.3272413697275147,True,28.0,5.06662200488745e-12,,0.93,5.0,10.319623109829665,,,
280,left,LAD,prox,20.0,80,discrete,"[0.65, 0.7)",0.6142179175355617,1,6,T1_missed_branch,,skipped: no deletable downstream branch,,,,,,,,,,,,,,,,,,,,,,,,,,,
280,left,LAD,prox,20.0,80,discrete,"[0.65, 0.7)",0.6142179175355617,1,6,T2_truncation,A_fixed,ok,False,6.0,6.0,2.0,45.25878242459415,72.10391083968655,0.0,135.35396285081254,135.35396285081254,1.0,0.7942602840937313,0.18004236655816963,0.0,,0.04274583852554666,1.1540235998019952,1.2407655885400135,True,28.0,9.483969367340061e-12,,,,,,,
280,left,LAD,prox,20.0,80,discrete,"[0.65, 0.7)",0.6142179175355617,1,6,T2_truncation,B_rederived,ok,False,6.0,6.0,2.0,45.25878242459415,72.10391083968655,0.0,135.35396285081254,136.9584704157326,1.0118541602412376,0.6054431729207244,-0.008774744614837293,0.0,,0.15122036750722567,1.236867784785066,1.2407655885400135,True,28.0,7.914989109227702e-12,,,,,,,
280,left,LAD,prox,20.0,80,discrete,"[0.65, 0.7)",0.6142179175355617,1,6,T2_truncation,C_flowmatched,ok,False,6.0,6.0,2.0,45.25878242459415,72.10391083968655,0.0,135.35396285081254,153.47954627472743,1.1339124695144165,0.6362693536600339,0.022051436124472246,0.0,,0.11103650745513287,1.121075005908987,1.2407655885400135,True,28.0,7.126576254602528e-12,,,,,,,
280,left,LAD,prox,20.0,80,discrete,"[0.65, 0.7)",0.6142179175355617,1,6,T3_stenosis_length,A_fixed,ok,True,6.0,6.0,2.0,,,,135.35396285081254,135.35396285081254,1.0,0.5992810494711931,-0.014936868064368558,0.0,,0.00537446629181935,1.235428379495919,1.2407655885400135,True,28.0,1.2481690610876462e-12,2.46,,,,,,
280,left,LAD,prox,20.0,80,discrete,"[0.65, 0.7)",0.6142179175355617,1,6,T3_stenosis_length,B_rederived,ok,True,6.0,6.0,2.0,,,,135.35396285081254,135.35396285081254,1.0,0.5992810494711931,-0.014936868064368558,0.0,,0.00537446629181935,1.235428379495919,1.2407655885400135,True,28.0,1.2481690610876462e-12,2.46,,,,,,
280,left,LAD,prox,20.0,80,discrete,"[0.65, 0.7)",0.6142179175355617,1,6,T3_stenosis_length,C_flowmatched,ok,True,6.0,6.0,2.0,,,,135.35396285081254,134.8283888005286,0.996117039802793,0.5982702681407963,-0.01594764939476534,0.0,,0.004162510675504187,1.2395695027909919,1.2407655885400135,True,28.0,3.197976542843785e-12,2.46,,,,,,
280,left,LAD,prox,20.0,80,discrete,"[0.65, 0.7)",0.6142179175355617,1,6,T4_taper,A_fixed,ok,True,6.0,6.0,2.0,,,,135.35396285081254,135.35396285081254,1.0,0.9981667268716164,0.3839488093360548,1.0,to_negative,0.0012205735421987095,0.7691529108793532,1.2407655885400135,True,28.0,1.0159896819732793e-11,,0.93,5.0,10.319623109829665,,,
280,left,LAD,prox,20.0,80,discrete,"[0.65, 0.7)",0.6142179175355617,1,6,T4_taper,B_rederived,ok,True,6.0,6.0,2.0,,,,135.35396285081254,136.3389090322595,1.0072768182083636,0.5588871186040699,-0.05533079893149173,0.0,,1.3791474175219927,1.2143182576815381,1.2407655885400135,True,28.0,1.0267234005586847e-11,,0.93,5.0,10.319623109829665,,,
280,left,LAD,prox,20.0,80,discrete,"[0.65, 0.7)",0.6142179175355617,1,6,T4_taper,C_flowmatched,ok,True,6.0,6.0,2.0,,,,135.35396285081254,399.3016293625328,2.950054959252608,0.8062790706645419,0.1920611531289802,1.0,to_negative,0.4830898737550672,0.46689143076097933,1.2407655885400135,True,28.0,2.3099260963811904e-12,,0.93,5.0,10.319623109829665,,,
306,left,LAD,prox,20.0,80,leaky,"[0.65, 0.7)",0.6923660688675906,1,6,T1_missed_branch,A_fixed,ok,True,5.0,5.0,2.0,,,1.0,85.02648210033489,85.02648210033489,1.0,0.785942948720227,0.09357687985263641,0.0,,0.06488595506484914,0.7118425930674059,0.7879321601287625,True,28.0,1.8770926147251933e-12,,,,,1.0645663033940767,31.20773847307787,0.789771064323342
306,left,LAD,prox,20.0,80,leaky,"[0.65, 0.7)",0.6923660688675906,1,6,T1_missed_branch,B_rederived,ok,True,5.0,5.0,2.0,,,1.0,85.02648210033489,70.62628517307527,0.8306386837189528,0.7448370498290671,0.05247098096147651,0.0,,0.2341511149199715,0.8379906128614906,0.7879321601287625,True,27.0,1.2528874547274704e-11,,,,,1.0645663033940767,31.20773847307787,0.789771064323342
306,left,LAD,prox,20.0,80,leaky,"[0.65, 0.7)",0.6923660688675906,1,6,T1_missed_branch,C_flowmatched,ok,True,5.0,5.0,2.0,,,1.0,85.02648210033489,89.17630760740391,1.048806270758939,0.7957072048568905,0.10334113598929995,0.0,,0.04821795417160335,0.6822815859703459,0.7879321601287625,True,28.0,4.89760393015128e-13,,,,,1.0645663033940767,31.20773847307787,0.789771064323342
306,left,LAD,prox,20.0,80,leaky,"[0.65, 0.7)",0.6923660688675906,1,6,T2_truncation,A_fixed,ok,False,6.0,6.0,2.0,45.232561603139054,107.18257120830103,0.0,85.02648210033489,85.02648210033489,1.0,0.7745566959295824,0.08219062706199187,0.0,,0.04950604798604261,0.7252809592360583,0.7879321601287625,True,27.0,9.763236535791714e-12,,,,,,,
306,left,LAD,prox,20.0,80,leaky,"[0.65, 0.7)",0.6923660688675906,1,6,T2_truncation,B_rederived,ok,False,6.0,6.0,2.0,45.232561603139054,107.18257120830103,0.0,85.02648210033489,91.21065046799865,1.072732261936536,0.6773819554803251,-0.014984113387265463,0.0,,0.18332606598554602,0.7701850692696992,0.7879321601287625,True,27.0,3.8677833617309836e-12,,,,,,,
306,left,LAD,prox,20.0,80,leaky,"[0.65, 0.7)",0.6923660688675906,1,6,T2_truncation,C_flowmatched,ok,False,6.0,6.0,2.0,45.232561603139054,107.18257120830103,0.0,85.02648210033489,101.40794643468477,1.1926630848377222,0.7050948142815948,0.012728745414004261,0.0,,0.16084616156566975,0.7069681308444854,0.7879321601287625,True,27.0,1.1381694606161325e-11,,,,,,,
306,left,LAD,prox,20.0,80,leaky,"[0.65, 0.7)",0.6923660688675906,1,6,T3_stenosis_length,A_fixed,ok,True,6.0,6.0,2.0,,,,85.02648210033489,85.02648210033489,1.0,0.6788937684492079,-0.013472300418382654,0.0,,0.00976954211812116,0.7815875331938251,0.7879321601287625,True,27.0,9.681672739191642e-12,2.46,,,,,,
306,left,LAD,prox,20.0,80,leaky,"[0.65, 0.7)",0.6923660688675906,1,6,T3_stenosis_length,B_rederived,ok,True,6.0,6.0,2.0,,,,85.02648210033489,85.02648210033489,1.0,0.6788937684492079,-0.013472300418382654,0.0,,0.00976954211812116,0.7815875331938251,0.7879321601287625,True,27.0,9.681672739191642e-12,2.46,,,,,,
306,left,LAD,prox,20.0,80,leaky,"[0.65, 0.7)",0.6923660688675906,1,6,T3_stenosis_length,C_flowmatched,ok,True,6.0,6.0,2.0,,,,85.02648210033489,84.47215219326118,0.9934805028576912,0.6771827227614007,-0.015183346106189877,0.0,,0.008020375156263623,0.7857800705200392,0.7879321601287625,True,27.0,1.8450759933480007e-11,2.46,,,,,,
306,left,LAD,prox,20.0,80,leaky,"[0.65, 0.7)",0.6923660688675906,1,6,T4_taper,A_fixed,ok,True,6.0,6.0,2.0,,,,85.02648210033489,85.02648210033489,1.0,0.6500299402834417,-0.04233612858414881,0.0,,0.032915624938869945,0.7405311151002381,0.7879321601287625,True,27.0,1.4089838211731249e-11,,0.93,5.0,10.296466682413737,,,
306,left,LAD,prox,20.0,80,leaky,"[0.65, 0.7)",0.6923660688675906,1,6,T4_taper,B_rederived,ok,True,6.0,6.0,2.0,,,,85.02648210033489,82.21216687674676,0.9669007213509421,0.6836410715217984,-0.00872499734579213,0.0,,0.07428642236824849,0.8146951736648892,0.7879321601287625,True,28.0,1.968515919127614e-11,,0.93,5.0,10.296466682413737,,,
306,left,LAD,prox,20.0,80,leaky,"[0.65, 0.7)",0.6923660688675906,1,6,T4_taper,C_flowmatched,ok,True,6.0,6.0,2.0,,,,85.02648210033489,88.18620232015543,1.0371616012066915,0.7014971496047676,0.009131080737177055,0.0,,0.03851199391945485,0.7669298380555597,0.7879321601287625,True,28.0,1.3621966566961103e-11,,0.93,5.0,10.296466682413737,,,
306,left,LAD,prox,20.0,80,discrete,"[0.65, 0.7)",0.6882332650555112,1,6,T1_missed_branch,A_fixed,ok,True,5.0,5.0,2.0,,,1.0,212.12007898488588,212.12007898488588,1.0,0.7721056154274073,0.08387235037189611,0.0,,0.057543516407066904,0.7088393151156055,0.7767649594773071,True,27.0,2.5941036426157975e-11,,,,,1.0645663033940767,31.20773847307787,0.789771064323342
306,left,LAD,prox,20.0,80,discrete,"[0.65, 0.7)",0.6882332650555112,1,6,T1_missed_branch,B_rederived,ok,True,5.0,5.0,2.0,,,1.0,212.12007898488588,178.57588206703346,0.841862226912321,0.7344543069329215,0.046221041877410274,0.0,,0.20819498192461433,0.820228937179914,0.7767649594773071,True,27.0,2.3829448108048094e-11,,,,,1.0645663033940767,31.20773847307787,0.789771064323342
306,left,LAD,prox,20.0,80,discrete,"[0.65, 0.7)",0.6882332650555112,1,6,T1_missed_branch,C_flowmatched,ok,True,5.0,5.0,2.0,,,1.0,212.12007898488588,221.34871508830955,1.0435066597541727,0.7808777149494461,0.09264444989393494,0.0,,0.04341760333518813,0.6833650928489927,0.7767649594773071,True,27.0,3.008893051425117e-11,,,,,1.0645663033940767,31.20773847307787,0.789771064323342
306,left,LAD,prox,20.0,80,discrete,"[0.65, 0.7)",0.6882332650555112,1,6,T2_truncation,A_fixed,ok,False,6.0,6.0,2.0,45.232561603139054,107.18257120830103,0.0,212.12007898488588,212.12007898488588,1.0,0.8164024170481892,0.12816915199267798,1.0,to_negative,0.07701184825610657,0.675428886016626,0.7767649594773071,True,28.0,2.7057118420362177e-11,,,,,,,
306,left,LAD,prox,20.0,80,discrete,"[0.65, 0.7)",0.6882332650555112,1,6,T2_truncation,B_rederived,ok,False,6.0,6.0,2.0,45.232561603139054,107.18257120830103,0.0,212.12007898488588,202.52831324646618,0.9547814342502525,0.6992971885358925,0.011063923480381321,0.0,,0.2918419285003848,0.7907304121886647,0.7767649594773071,True,27.0,2.2201355805762023e-11,,,,,,,
306,left,LAD,prox,20.0,80,discrete,"[0.65, 0.7)",0.6882332650555112,1,6,T2_truncation,C_flowmatched,ok,False,6.0,6.0,2.0,45.232561603139054,107.18257120830103,0.0,212.12007898488588,262.07742512325365,1.235514461325122,0.7612447273227102,0.07301146226719901,0.0,,0.17624774318993713,0.6384150170938562,0.7767649594773071,True,27.0,2.628606204690058e-11,,,,,,,
306,left,LAD,prox,20.0,80,discrete,"[0.65, 0.7)",0.6882332650555112,1,6,T3_stenosis_length,A_fixed,ok,True,6.0,6.0,2.0,,,,212.12007898488588,212.12007898488588,1.0,0.6746242159116257,-0.013609049143885499,0.0,,0.009760558669938978,0.7702120538142978,0.7767649594773071,True,27.0,2.8271701621419247e-11,2.46,,,,,,
306,left,LAD,prox,20.0,80,discrete,"[0.65, 0.7)",0.6882332650555112,1,6,T3_stenosis_length,B_rederived,ok,True,6.0,6.0,2.0,,,,212.12007898488588,212.12007898488588,1.0,0.6746242159116257,-0.013609049143885499,0.0,,0.009760558669938978,0.7702120538142978,0.7767649594773071,True,27.0,2.8271701621419247e-11,2.46,,,,,,
306,left,LAD,prox,20.0,80,discrete,"[0.65, 0.7)",0.6882332650555112,1,6,T3_stenosis_length,C_flowmatched,ok,True,6.0,6.0,2.0,,,,212.12007898488588,210.71898316581758,0.9933947987113085,0.6729390319973959,-0.01529423305811528,0.0,,0.008021704538138006,0.7742865168764526,0.7767649594773071,True,27.0,1.9553176621465955e-11,2.46,,,,,,
306,left,LAD,prox,20.0,80,discrete,"[0.65, 0.7)",0.6882332650555112,1,6,T4_taper,A_fixed,ok,True,6.0,6.0,2.0,,,,212.12007898488588,212.12007898488588,1.0,0.8231092202695962,0.13487595521408502,1.0,to_negative,0.06574334875000844,0.606917666737963,0.7767649594773071,True,28.0,2.979130805070983e-11,,0.93,5.0,10.296466682413737,,,
306,left,LAD,prox,20.0,80,discrete,"[0.65, 0.7)",0.6882332650555112,1,6,T4_taper,B_rederived,ok,True,6.0,6.0,2.0,,,,212.12007898488588,203.47580391303353,0.9592481998252118,0.6336997511288506,-0.054533513926660615,0.0,,0.4110833131198362,0.7551802595718548,0.7767649594773071,True,27.0,1.6034964817447926e-11,,0.93,5.0,10.296466682413737,,,
306,left,LAD,prox,20.0,80,discrete,"[0.65, 0.7)",0.6882332650555112,1,6,T4_taper,C_flowmatched,ok,True,6.0,6.0,2.0,,,,212.12007898488588,295.1141393438758,1.3912598032028052,0.7266495261114498,0.03841626105593865,0.0,,0.24819278696223027,0.5586258237140201,0.7767649594773071,True,27.0,2.8669056764567788e-11,,0.93,5.0,10.296466682413737,,,
335,left,LAD,prox,10.0,70,leaky,"[0.65, 0.7)",0.6901801724038662,1,4,T1_missed_branch,,skipped: no deletable downstream branch,,,,,,,,,,,,,,,,,,,,,,,,,,,
335,left,LAD,prox,10.0,70,leaky,"[0.65, 0.7)",0.6901801724038662,1,4,T2_truncation,A_fixed,ok,False,4.0,4.0,2.0,40.16547919004873,105.42091256140546,0.0,28.54958012337657,28.54958012337657,1.0,0.8825506032843556,0.19237043088048944,1.0,to_negative,5.1804436468200125e-05,5.783317895208926,6.106114021278376,True,28.0,7.989031039112748e-12,,,,,,,
335,left,LAD,prox,10.0,70,leaky,"[0.65, 0.7)",0.6901801724038662,1,4,T2_truncation,B_rederived,ok,False,4.0,4.0,2.0,40.16547919004873,105.42091256140546,0.0,28.54958012337657,27.456421674541804,0.9617101742263565,0.7515718573904957,0.0613916849866295,0.0,,0.08991922624468775,6.228780040952946,6.106114021278376,True,28.0,2.5943594831525402e-12,,,,,,,
335,left,LAD,prox,10.0,70,leaky,"[0.65, 0.7)",0.6901801724038662,1,4,T2_truncation,C_flowmatched,ok,False,4.0,4.0,2.0,40.16547919004873,105.42091256140546,0.0,28.54958012337657,29.796494727851073,1.043675409553695,0.7724156385584688,0.08223546615460264,0.0,,0.04047663694946891,5.762659288489326,6.106114021278376,True,28.0,1.7592957593783352e-11,,,,,,,
335,left,LAD,prox,10.0,70,leaky,"[0.65, 0.7)",0.6901801724038662,1,4,T3_stenosis_length,A_fixed,ok,True,4.0,4.0,2.0,,,,28.54958012337657,28.54958012337657,1.0,0.677674640054423,-0.012505532349443182,0.0,,0.0031660200442971908,6.092694337767983,6.106114021278376,True,28.0,4.134306497095048e-12,2.46,,,,,,
335,left,LAD,prox,10.0,70,leaky,"[0.65, 0.7)",0.6901801724038662,1,4,T3_stenosis_length,B_rederived,ok,True,4.0,4.0,2.0,,,,28.54958012337657,28.54958012337657,1.0,0.677674640054423,-0.012505532349443182,0.0,,0.0031660200442971908,6.092694337767983,6.106114021278376,True,28.0,4.134306497095048e-12,2.46,,,,,,
335,left,LAD,prox,10.0,70,leaky,"[0.65, 0.7)",0.6901801724038662,1,4,T3_stenosis_length,C_flowmatched,ok,True,4.0,4.0,2.0,,,,28.54958012337657,28.484671686293353,0.9977264661405627,0.6770222404461955,-0.013157931957670677,0.0,,0.0023544467511780603,6.105655910424991,6.106114021278376,True,28.0,7.675333416640157e-12,2.46,,,,,,
335,left,LAD,prox,10.0,70,leaky,"[0.65, 0.7)",0.6901801724038662,1,4,T4_taper,A_fixed,ok,True,4.0,4.0,2.0,,,,28.54958012337657,28.54958012337657,1.0,0.670069214824352,-0.0201109575795142,0.0,,0.0043612977415434335,6.009787992498167,6.106114021278376,True,28.0,3.760338810779043e-12,,0.93,3.0,15.204763860915214,,,
335,left,LAD,prox,10.0,70,leaky,"[0.65, 0.7)",0.6901801724038662,1,4,T4_taper,B_rederived,ok,True,4.0,4.0,2.0,,,,28.54958012337657,28.62474535613499,1.0026327964346093,0.6945074852673829,0.00432731286351673,0.0,,0.03725967630323946,6.173389510065559,6.106114021278376,True,28.0,8.544984534524068e-12,,0.93,3.0,15.204763860915214,,,
335,left,LAD,prox,10.0,70,leaky,"[0.65, 0.7)",0.6901801724038662,1,4,T4_taper,C_flowmatched,ok,True,4.0,4.0,2.0,,,,28.54958012337657,29.378882425705495,1.0290477933036182,0.701800385602825,0.011620213198958784,0.0,,0.027831872429339856,6.023451439624327,6.106114021278376,True,28.0,9.21260344333944e-12,,0.93,3.0,15.204763860915214,,,
335,left,LAD,prox,10.0,70,discrete,"[0.65, 0.7)",0.41924026429638195,1,4,T1_missed_branch,,skipped: no deletable downstream branch,,,,,,,,,,,,,,,,,,,,,,,,,,,
335,left,LAD,prox,10.0,70,discrete,"[0.65, 0.7)",0.41924026429638195,1,4,T2_truncation,A_fixed,ok,False,4.0,4.0,2.0,40.16547919004873,92.35248022769305,0.0,15.045097897999725,15.045097897999725,1.0,0.6092003583460056,0.18996009404962366,0.0,,0.342261718088333,3.8000921005152937,4.006974041908921,True,25.0,1.1210655151326005e-12,,,,,,,
335,left,LAD,prox,10.0,70,discrete,"[0.65, 0.7)",0.41924026429638195,1,4,T2_truncation,B_rederived,ok,False,4.0,4.0,2.0,40.16547919004873,92.35248022769305,0.0,15.045097897999725,28.75788649142866,1.9114456207860289,0.28724869610817605,-0.1319915681882059,0.0,,0.7959153470455228,3.014173963313438,4.006974041908921,True,26.0,7.396216650598579e-12,,,,,,,
335,left,LAD,prox,10.0,70,discrete,"[0.65, 0.7)",0.41924026429638195,1,4,T2_truncation,C_flowmatched,ok,False,4.0,4.0,2.0,40.16547919004873,92.35248022769305,0.0,15.045097897999725,152.04297751062055,10.105815099470703,0.7339576277560365,0.3147173634596545,0.0,,0.6211492280029115,1.0736578517885116,4.006974041908921,True,27.0,2.2710714974971932e-11,,,,,,,
335,left,LAD,prox,10.0,70,discrete,"[0.65, 0.7)",0.41924026429638195,1,4,T3_stenosis_length,A_fixed,ok,True,4.0,4.0,2.0,,,,15.045097897999725,15.045097897999725,1.0,0.41042026313686786,-0.00882000115951409,0.0,,0.01483222032893671,3.9846802627154108,4.006974041908921,True,25.0,2.302796538900413e-12,2.46,,,,,,
335,left,LAD,prox,10.0,70,discrete,"[0.65, 0.7)",0.41924026429638195,1,4,T3_stenosis_length,B_rederived,ok,True,4.0,4.0,2.0,,,,15.045097897999725,15.045097897999725,1.0,0.41042026313686786,-0.00882000115951409,0.0,,0.01483222032893671,3.9846802627154108,4.006974041908921,True,25.0,2.302796538900413e-12,2.46,,,,,,
335,left,LAD,prox,10.0,70,discrete,"[0.65, 0.7)",0.41924026429638195,1,4,T3_stenosis_length,C_flowmatched,ok,True,4.0,4.0,2.0,,,,15.045097897999725,14.927210399899637,0.9921643914250794,0.4090098710404562,-0.01023039325592573,0.0,,0.014340450115050866,4.001320536408564,4.006974041908921,True,25.0,1.020761229822951e-12,2.46,,,,,,
335,left,LAD,prox,10.0,70,discrete,"[0.65, 0.7)",0.41924026429638195,1,4,T4_taper,A_fixed,ok,True,4.0,4.0,1.0,,,,15.045097897999725,15.045097897999725,1.0,0.99945718264152,0.580216918345138,1.0,to_negative,0.00019367760362776584,2.9441471334062204,4.006974041908921,True,26.0,8.275708252250648e-13,,0.93,3.0,15.204763860915214,,,
335,left,LAD,prox,10.0,70,discrete,"[0.65, 0.7)",0.41924026429638195,1,4,T4_taper,B_rederived,ok,True,4.0,4.0,1.0,,,,15.045097897999725,15.041149101729465,0.9997375360202352,0.3806223393975613,-0.038617924898820655,0.0,,0.00019732675231537729,3.8688354685630486,4.006974041908921,True,25.0,6.630301542437175e-12,,0.93,3.0,15.204763860915214,,,
335,left,LAD,prox,10.0,70,discrete,"[0.65, 0.7)",0.41924026429638195,1,4,T4_taper,C_flowmatched,skipped: fewer than 2 shared territories to match,True,4.0,4.0,1.0,,,,,,,,,,,,,,,,,,0.93,3.0,15.204763860915214,,,
368,left,LAD,mid,10.0,80,leaky,"[0.65, 0.7)",0.6582249758998878,1,6,T1_missed_branch,,skipped: no deletable downstream branch,,,,,,,,,,,,,,,,,,,,,,,,,,,
368,left,LAD,mid,10.0,80,leaky,"[0.65, 0.7)",0.6582249758998878,1,6,T2_truncation,A_fixed,ok,False,6.0,6.0,2.0,65.47080574575145,69.68106995641399,0.0,34.242370041269666,34.242370041269666,1.0,0.9912665184812868,0.33304154258139895,1.0,to_negative,0.048810911682893574,2.9752877645783884,3.2661202554604634,True,28.0,1.1458606799783967e-11,,,,,,,
368,left,LAD,mid,10.0,80,leaky,"[0.65, 0.7)",0.6582249758998878,1,6,T2_truncation,B_rederived,ok,False,6.0,6.0,2.0,65.47080574575145,69.68106995641399,0.0,34.242370041269666,33.461793668728276,0.9772043707371709,0.6560649800928918,-0.0021599958069959957,0.0,,0.07354000496629597,3.2646432736199915,3.2661202554604634,True,28.0,8.004233305962372e-12,,,,,,,
368,left,LAD,mid,10.0,80,leaky,"[0.65, 0.7)",0.6582249758998878,1,6,T2_truncation,C_flowmatched,ok,False,6.0,6.0,2.0,65.47080574575145,69.68106995641399,0.0,34.242370041269666,35.674669713223956,1.0418282867169548,0.6739220544345661,0.015697078534678277,0.0,,0.03856443894630579,3.071026774706394,3.2661202554604634,True,28.0,1.453872075730676e-11,,,,,,,
368,left,LAD,mid,10.0,80,leaky,"[0.65, 0.7)",0.6582249758998878,1,6,T3_stenosis_length,A_fixed,ok,True,6.0,6.0,2.0,,,,34.242370041269666,34.242370041269666,1.0,0.6353997280447123,-0.02282524785517548,0.0,,0.0035082479011843914,3.2578292845152768,3.2661202554604634,True,28.0,4.585865562287812e-12,2.46,,,,,,
368,left,LAD,mid,10.0,80,leaky,"[0.65, 0.7)",0.6582249758998878,1,6,T3_stenosis_length,B_rederived,ok,True,6.0,6.0,2.0,,,,34.242370041269666,34.242370041269666,1.0,0.6353997280447123,-0.02282524785517548,0.0,,0.0035082479011843914,3.2578292845152768,3.2661202554604634,True,28.0,4.585865562287812e-12,2.46,,,,,,
368,left,LAD,mid,10.0,80,leaky,"[0.65, 0.7)",0.6582249758998878,1,6,T3_stenosis_length,C_flowmatched,ok,True,6.0,6.0,2.0,,,,34.242370041269666,34.1556864620475,0.9974685286352056,0.6347064259360109,-0.023518549963876922,0.0,,0.0025527770170090626,3.265717358437149,3.2661202554604634,True,28.0,2.7982259174524e-12,2.46,,,,,,
368,left,LAD,mid,10.0,80,leaky,"[0.65, 0.7)",0.6582249758998878,1,6,T4_taper,A_fixed,ok,True,6.0,6.0,2.0,,,,34.242370041269666,34.242370041269666,1.0,0.6193734780324563,-0.03885149786743147,0.0,,0.006512240919053332,3.2507300088760203,3.2661202554604634,True,28.0,4.796386945089474e-12,,0.93,1.0,40.599504816945924,,,
368,left,LAD,mid,10.0,80,leaky,"[0.65, 0.7)",0.6582249758998878,1,6,T4_taper,B_rederived,ok,True,6.0,6.0,2.0,,,,34.242370041269666,33.70187591465031,0.9842156332646385,0.6582941047755655,6.91288756776709e-05,0.0,,0.011715784234668168,3.282187163160051,3.2661202554604634,True,28.0,3.072319382101829e-13,,0.93,1.0,40.599504816945924,,,
368,left,LAD,mid,10.0,80,leaky,"[0.65, 0.7)",0.6582249758998878,1,6,T4_taper,C_flowmatched,ok,True,6.0,6.0,2.0,,,,34.242370041269666,33.8936660256351,0.9898165922740073,0.6598378846528579,0.0016129087529700437,0.0,,0.010379876905488994,3.264380800924061,3.2661202554604634,True,28.0,5.62105828191849e-12,,0.93,1.0,40.599504816945924,,,
368,left,LAD,mid,10.0,80,discrete,"[0.65, 0.7)",0.38978599684908216,1,6,T1_missed_branch,,skipped: no deletable downstream branch,,,,,,,,,,,,,,,,,,,,,,,,,,,
368,left,LAD,mid,10.0,80,discrete,"[0.65, 0.7)",0.38978599684908216,1,6,T2_truncation,A_fixed,ok,False,6.0,6.0,2.0,65.47080574575145,69.68106995641399,0.0,58.363990806793105,58.363990806793105,1.0,0.9921300383848916,0.6023440415358094,1.0,to_negative,0.0015923926494117082,2.397801892736533,2.718523812983854,True,28.0,1.2946226734361882e-11,,,,,,,
368,left,LAD,mid,10.0,80,discrete,"[0.65, 0.7)",0.38978599684908216,1,6,T2_truncation,B_rederived,ok,False,6.0,6.0,2.0,65.47080574575145,69.68106995641399,0.0,58.363990806793105,75.86882824573298,1.2999252997775206,0.2675430893899436,-0.12224290745913857,0.0,,0.18038450053976177,2.250064050439939,2.718523812983854,True,28.0,1.895003456612596e-11,,,,,,,
368,left,LAD,mid,10.0,80,discrete,"[0.65, 0.7)",0.38978599684908216,1,6,T2_truncation,C_flowmatched,ok,False,6.0,6.0,2.0,65.47080574575145,69.68106995641399,0.0,58.363990806793105,73.82253690714481,1.2648644461535425,0.2626410941752405,-0.12714490267384165,0.0,,0.17917806699753433,2.299498370681298,2.718523812983854,True,28.0,1.508360653039571e-11,,,,,,,
368,left,LAD,mid,10.0,80,discrete,"[0.65, 0.7)",0.38978599684908216,1,6,T3_stenosis_length,A_fixed,ok,True,6.0,6.0,2.0,,,,58.363990806793105,58.363990806793105,1.0,0.374083543201047,-0.015702453648035186,0.0,,0.00799943408277194,2.7036522566966257,2.718523812983854,True,28.0,1.724579132986458e-11,2.46,,,,,,
368,left,LAD,mid,10.0,80,discrete,"[0.65, 0.7)",0.38978599684908216,1,6,T3_stenosis_length,B_rederived,ok,True,6.0,6.0,2.0,,,,58.363990806793105,58.363990806793105,1.0,0.374083543201047,-0.015702453648035186,0.0,,0.00799943408277194,2.7036522566966257,2.718523812983854,True,28.0,1.724579132986458e-11,2.46,,,,,,
368,left,LAD,mid,10.0,80,discrete,"[0.65, 0.7)",0.38978599684908216,1,6,T3_stenosis_length,C_flowmatched,ok,True,6.0,6.0,2.0,,,,58.363990806793105,57.994243567717426,0.993664805405448,0.37283372853940744,-0.016952268309674723,0.0,,0.00608483703299342,2.717761468140005,2.718523812983854,True,28.0,1.1219808265789408e-11,2.46,,,,,,
368,left,LAD,mid,10.0,80,discrete,"[0.65, 0.7)",0.38978599684908216,1,6,T4_taper,A_fixed,ok,True,6.0,6.0,2.0,,,,58.363990806793105,58.363990806793105,1.0,0.3665532600573563,-0.023232736791725883,0.0,,0.018538380175389144,2.6840595543944246,2.718523812983854,True,28.0,9.563780707096415e-12,,0.93,1.0,40.599504816945924,,,
368,left,LAD,mid,10.0,80,discrete,"[0.65, 0.7)",0.38978599684908216,1,6,T4_taper,B_rederived,ok,True,6.0,6.0,2.0,,,,58.363990806793105,54.44961168323061,0.9329316061247324,0.4012324249598238,0.011446428110741647,0.0,,0.04565241901207055,2.827584264811915,2.718523812983854,True,28.0,1.0998518616025726e-11,,0.93,1.0,40.599504816945924,,,
368,left,LAD,mid,10.0,80,discrete,"[0.65, 0.7)",0.38978599684908216,1,6,T4_taper,C_flowmatched,ok,True,6.0,6.0,2.0,,,,58.363990806793105,57.16267030325778,0.9794167518888118,0.41144348086941784,0.021657484020335682,0.0,,0.020001271077788867,2.716066284832237,2.718523812983854,True,28.0,1.101786457758309e-11,,0.93,1.0,40.599504816945924,,,
621,left,LAD,mid,20.0,80,leaky,"[0.65, 0.7)",0.6852727455068993,1,9,T1_missed_branch,,skipped: no deletable downstream branch,,,,,,,,,,,,,,,,,,,,,,,,,,,
621,left,LAD,mid,20.0,80,leaky,"[0.65, 0.7)",0.6852727455068993,1,9,T2_truncation,A_fixed,ok,False,9.0,9.0,2.0,69.88334953995658,78.40654941072809,0.0,53.875532980865515,53.875532980865515,1.0,0.952931878923945,0.2676591334170457,1.0,to_negative,0.0030809934976278874,3.791239324179501,3.912489346548923,True,28.0,1.6572512984808725e-11,,,,,,,
621,left,LAD,mid,20.0,80,leaky,"[0.65, 0.7)",0.6852727455068993,1,9,T2_truncation,B_rederived,ok,False,9.0,9.0,2.0,69.88334953995658,78.40654941072809,0.0,53.875532980865515,53.86687368238733,0.999839272151957,0.6805476752022726,-0.004725070304626766,0.0,,0.049090564089893644,3.9113109092174025,3.912489346548923,True,28.0,7.520907416455022e-12,,,,,,,
621,left,LAD,mid,20.0,80,leaky,"[0.65, 0.7)",0.6852727455068993,1,9,T2_truncation,C_flowmatched,ok,False,9.0,9.0,2.0,69.88334953995658,78.40654941072809,0.0,53.875532980865515,55.84400002317675,1.0365373098584538,0.689350756994814,0.004078011487914646,0.0,,0.03377903696715282,3.7764548831845097,3.912489346548923,True,28.0,5.63200090123156e-12,,,,,,,
621,left,LAD,mid,20.0,80,leaky,"[0.65, 0.7)",0.6852727455068993,1,9,T3_stenosis_length,A_fixed,ok,True,9.0,9.0,2.0,,,,53.875532980865515,53.875532980865515,1.0,0.6683125694215285,-0.016960176085370815,0.0,,0.0014086165151606048,3.908565248656716,3.912489346548923,True,28.0,1.637974222748985e-11,2.46,,,,,,
621,left,LAD,mid,20.0,80,leaky,"[0.65, 0.7)",0.6852727455068993,1,9,T3_stenosis_length,B_rederived,ok,True,9.0,9.0,2.0,,,,53.875532980865515,53.875532980865515,1.0,0.6683125694215285,-0.016960176085370815,0.0,,0.0014086165151606048,3.908565248656716,3.912489346548923,True,28.0,1.637974222748985e-11,2.46,,,,,,
621,left,LAD,mid,20.0,80,leaky,"[0.65, 0.7)",0.6852727455068993,1,9,T3_stenosis_length,C_flowmatched,ok,True,9.0,9.0,2.0,,,,53.875532980865515,53.820993230092476,0.998987671253435,0.668068467846636,-0.017204277660263334,0.0,,0.0010082890029170727,3.912419090340916,3.912489346548923,True,28.0,6.455552904233459e-12,2.46,,,,,,
621,left,LAD,mid,20.0,80,leaky,"[0.65, 0.7)",0.6852727455068993,1,9,T4_taper,A_fixed,ok,True,9.0,9.0,2.0,,,,53.875532980865515,53.875532980865515,1.0,0.6481742048695686,-0.03709854063733076,0.0,,0.0038125245277440584,3.9018684860444144,3.912489346548923,True,28.0,1.5524106038093677e-11,,0.93,1.0,35.073352463067266,,,
621,left,LAD,mid,20.0,80,leaky,"[0.65, 0.7)",0.6852727455068993,1,9,T4_taper,B_rederived,ok,True,9.0,9.0,2.0,,,,53.875532980865515,53.57698449224455,0.994458551552019,0.6767082820497052,-0.008564463457194083,0.0,,0.004209316310111767,3.918555102115507,3.912489346548923,True,28.0,1.0218076154662624e-11,,0.93,1.0,35.073352463067266,,,
621,left,LAD,mid,20.0,80,leaky,"[0.65, 0.7)",0.6852727455068993,1,9,T4_taper,C_flowmatched,ok,True,9.0,9.0,2.0,,,,53.875532980865515,53.66635277460125,0.9961173431669148,0.6771091626458124,-0.008163582861086871,0.0,,0.0038838822547650545,3.9121968286697224,3.912489346548923,True,28.0,7.602993989925631e-12,,0.93,1.0,35.073352463067266,,,
621,left,LAD,mid,20.0,80,discrete,"[0.65, 0.7)",0.37371539003679843,1,9,T1_missed_branch,,skipped: no deletable downstream branch,,,,,,,,,,,,,,,,,,,,,,,,,,,
621,left,LAD,mid,20.0,80,discrete,"[0.65, 0.7)",0.37371539003679843,1,9,T2_truncation,A_fixed,ok,False,9.0,9.0,2.0,69.88334953995658,78.40654941072809,0.0,86.35632055809265,86.35632055809265,1.0,0.991431566169707,0.6177161761329085,1.0,to_negative,0.0010543286211797474,3.1162884525434467,3.36472630183837,True,28.0,1.0902093472819394e-11,,,,,,,
621,left,LAD,mid,20.0,80,discrete,"[0.65, 0.7)",0.37371539003679843,1,9,T2_truncation,B_rederived,ok,False,9.0,9.0,2.0,69.88334953995658,78.40654941072809,0.0,86.35632055809265,97.00645676145335,1.123327813581361,0.27718797748163704,-0.0965274125551614,0.0,,0.11299511824667534,3.082374106315521,3.36472630183837,True,28.0,3.4983271215934215e-12,,,,,,,
621,left,LAD,mid,20.0,80,discrete,"[0.65, 0.7)",0.37371539003679843,1,9,T2_truncation,C_flowmatched,ok,False,9.0,9.0,2.0,69.88334953995658,78.40654941072809,0.0,86.35632055809265,98.96392204590926,1.14599512121797,0.2808585268161062,-0.09285686322069225,0.0,,0.11174396509699168,3.030529547381022,3.36472630183837,True,28.0,6.7844427594991e-12,,,,,,,
621,left,LAD,mid,20.0,80,discrete,"[0.65, 0.7)",0.37371539003679843,1,9,T3_stenosis_length,A_fixed,ok,True,9.0,9.0,2.0,,,,86.35632055809265,86.35632055809265,1.0,0.3609610229237858,-0.012754367113012643,0.0,,0.004658759001909628,3.354928571047219,3.36472630183837,True,28.0,1.2671301988406515e-11,2.46,,,,,,
621,left,LAD,mid,20.0,80,discrete,"[0.65, 0.7)",0.37371539003679843,1,9,T3_stenosis_length,B_rederived,ok,True,9.0,9.0,2.0,,,,86.35632055809265,86.35632055809265,1.0,0.3609610229237858,-0.012754367113012643,0.0,,0.004658759001909628,3.354928571047219,3.36472630183837,True,28.0,1.2671301988406515e-11,2.46,,,,,,
621,left,LAD,mid,20.0,80,discrete,"[0.65, 0.7)",0.37371539003679843,1,9,T3_stenosis_length,C_flowmatched,ok,True,9.0,9.0,2.0,,,,86.35632055809265,86.04209661386973,0.9963613092568999,0.3602893704685269,-0.013426019568271552,0.0,,0.0034739466319892993,3.3654228622538045,3.36472630183837,True,28.0,7.917693277139763e-12,2.46,,,,,,
621,left,LAD,mid,20.0,80,discrete,"[0.65, 0.7)",0.37371539003679843,1,9,T4_taper,A_fixed,ok,True,9.0,9.0,2.0,,,,86.35632055809265,86.35632055809265,1.0,0.35153540153781365,-0.022179988498984782,0.0,,0.020010420798041766,3.322642837906348,3.36472630183837,True,28.0,5.39464775113066e-12,,0.93,1.0,35.073352463067266,,,
621,left,LAD,mid,20.0,80,discrete,"[0.65, 0.7)",0.37371539003679843,1,9,T4_taper,B_rederived,ok,True,9.0,9.0,2.0,,,,86.35632055809265,81.74839410896666,0.9466405421242307,0.3926645850794229,0.01894919504262449,0.0,,0.03580401772082382,3.4683486233095455,3.36472630183837,True,28.0,5.124791309097739e-12,,0.93,1.0,35.073352463067266,,,
621,left,LAD,mid,20.0,80,discrete,"[0.65, 0.7)",0.37371539003679843,1,9,T4_taper,C_flowmatched,ok,True,9.0,9.0,2.0,,,,86.35632055809265,84.607184248735,0.9797451269570825,0.3995409063570783,0.02582551632027985,0.0,,0.01994634880790299,3.367779378487939,3.36472630183837,True,28.0,1.0813707631748025e-11,,0.93,1.0,35.073352463067266,,,
