scan,side,vessel,loc,L_mm,ds_pct,bed,band_cohort,ffr_clean,error_type,protocol,n_territories,w_sum,r_ref_root_mm,L_resolved_mm,n_outlets,run_id,draw,status,draw_co,draw_map_mmhg,draw_mu,draw_share_sd,draw_wscv,C_clean,C,C_abs,C_ratio,ffr,dFFR,flip,outlet_flow_residual,passes_check,fit_n_basins,fit_at_bound,inflow_mls,converged
102,left,LAD,mid,20.0,80,leaky,"[0.65, 0.7)",0.6863863434213395,negative,C_flowmatched,3,1.9321933840671718e-08,1.9204073597103293,309.4550147390551,6,102_left_LAD_mid_20mm_80ds_leaky_negative_draw0,0,ok,0.9802518235114916,85.61279979766813,0.003994324759611423,0.1,0.083,54.60609845356183,60.07787382845831,60.07787382845831,1.1002044740396495,0.7098232483206821,0.02343690489934258,0,0.0887767179947287,1,1,False,3.5107159317102132,True
102,left,LAD,mid,20.0,80,leaky,"[0.65, 0.7)",0.6863863434213395,negative,C_flowmatched,3,1.9321933840671718e-08,1.9204073597103293,309.4550147390551,6,102_left_LAD_mid_20mm_80ds_leaky_negative_draw1,1,ok,0.9883792791080553,96.9297356925121,0.004029697824458187,0.1,0.083,54.60609845356183,59.67643567181551,59.67643567181551,1.0928529479645137,0.70820871114745,0.02182236772611046,0,0.07323784473930207,1,1,False,3.533516675813759,True
102,left,LAD,mid,20.0,80,leaky,"[0.65, 0.7)",0.6863863434213395,negative,C_flowmatched,3,1.9321933840671718e-08,1.9204073597103293,309.4550147390551,6,102_left_LAD_mid_20mm_80ds_leaky_negative_draw2,2,ok,0.9615414009480363,86.91161310109139,0.004019032082164932,0.1,0.083,54.60609845356183,65.8244438531531,65.8244438531531,1.2054412550483091,0.7313219858381086,0.04493564241676906,0,0.3076447444311382,0,1,False,3.2139630072712166,True
102,left,LAD,mid,20.0,80,discrete,"[0.65, 0.7)",0.46793368211558145,negative,C_flowmatched,3,1.9619761442657406e-08,1.9204073597103293,309.4550147390551,6,102_left_LAD_mid_20mm_80ds_discrete_negative_draw0,0,ok,0.956518675677473,85.56063399679181,0.0040779870064671575,0.1,0.083,51.508101534724524,59.616788925769995,59.616788925769995,1.1574254757880942,0.4995715715751092,0.031637889459527724,0,0.12770425301952149,0,1,False,2.9398135829131475,True
102,left,LAD,mid,20.0,80,discrete,"[0.65, 0.7)",0.46793368211558145,negative,C_flowmatched,3,1.9619761442657406e-08,1.9204073597103293,309.4550147390551,6,102_left_LAD_mid_20mm_80ds_discrete_negative_draw1,1,ok,0.927272313428199,90.10602285721998,0.004017457461120385,0.1,0.083,51.508101534724524,57.181068405302774,57.181068405302774,1.1101373706571922,0.4903850141253495,0.022451332009768066,0,0.05048392137595823,1,1,False,3.04407146679115,True
102,left,LAD,mid,20.0,80,discrete,"[0.65, 0.7)",0.46793368211558145,negative,C_flowmatched,3,1.9619761442657406e-08,1.9204073597103293,309.4550147390551,6,102_left_LAD_mid_20mm_80ds_discrete_negative_draw2,2,ok,0.9765798344981295,93.83687421022908,0.0040409178433315675,0.1,0.083,51.508101534724524,57.27914535795715,57.27914535795715,1.1120414779671512,0.4907600352780841,0.022826353162502644,0,0.10374477295908742,0,1,False,3.0397248293776413,True
280,left,LAD,prox,20.0,80,leaky,"[0.65, 0.7)",0.6818151296140292,negative,C_flowmatched,2,7.223773475988808e-09,1.3659230584244235,172.50067639977587,6,280_left_LAD_prox_20mm_80ds_leaky_negative_draw0,0,ok,0.9933920104749973,84.3123434426471,0.004023218956464183,0.1,0.083,56.570754601289416,58.863634047389084,58.863634047389084,1.0405311801523576,0.6919114505458567,0.01009632093182744,0,0.1248683958411158,0,1,False,1.2792690751684082,True
280,left,LAD,prox,20.0,80,leaky,"[0.65, 0.7)",0.6818151296140292,negative,C_flowmatched,2,7.223773475988808e-09,1.3659230584244235,172.50067639977587,6,280_left_LAD_prox_20mm_80ds_leaky_negative_draw1,1,ok,1.0183002489957063,89.41139973588939,0.00409868667416716,0.1,0.083,56.570754601289416,56.94600288975753,56.94600288975753,1.0066332558424025,0.6835063085485436,0.0016911789345143147,0,0.03857237289524775,1,1,False,1.319141404322482,True
280,left,LAD,prox,20.0,80,leaky,"[0.65, 0.7)",0.6818151296140292,negative,C_flowmatched,2,7.223773475988808e-09,1.3659230584244235,172.50067639977587,6,280_left_LAD_prox_20mm_80ds_leaky_negative_draw2,2,ok,1.0816961937458058,95.61931060324241,0.004052919945349608,0.1,0.083,56.570754601289416,51.110677366621154,51.110677366621154,0.9034823333513778,0.6553350488426307,-0.026480080771398518,0,0.044721682516669366,1,1,False,1.4577188149238982,True
280,left,LAD,prox,20.0,80,discrete,"[0.65, 0.7)",0.6142179175355617,negative,C_flowmatched,2,1.7699300452416392e-08,1.3659230584244235,172.50067639977587,6,280_left_LAD_prox_20mm_80ds_discrete_negative_draw0,0,ok,0.9748802518770912,87.29590971131954,0.0040102600014265445,0.1,0.083,135.35396285081254,139.42413447156105,139.42413447156105,1.030070575955243,0.6218973729000428,0.007679455364481114,0,0.07171424993310034,1,1,False,1.209510925799289,True
280,left,LAD,prox,20.0,80,discrete,"[0.65, 0.7)",0.6142179175355617,negative,C_flowmatched,2,1.7699300452416392e-08,1.3659230584244235,172.50067639977587,6,280_left_LAD_prox_20mm_80ds_discrete_negative_draw1,1,ok,1.0588695109133455,91.85808605825456,0.003960582625685228,0.1,0.083,135.35396285081254,118.26842981243271,118.26842981243271,0.8737714605577412,0.5789786301087136,-0.03523928742684801,0,0.09094137212869066,1,1,False,1.3926726048127143,True
280,left,LAD,prox,20.0,80,discrete,"[0.65, 0.7)",0.6142179175355617,negative,C_flowmatched,2,1.7699300452416392e-08,1.3659230584244235,172.50067639977587,6,280_left_LAD_prox_20mm_80ds_discrete_negative_draw2,2,ok,0.9810727568008166,86.93649836447011,0.004085241995567726,0.1,0.083,135.35396285081254,129.84624383092608,129.84624383092608,0.959308771580208,0.6034059644750744,-0.010811953060487212,0,0.10578638078347685,0,1,False,1.2858333184200048,True
306,left,LAD,prox,20.0,80,leaky,"[0.65, 0.7)",0.6923660688675906,negative,C_flowmatched,2,7.163720355824948e-09,1.1893333884879358,306.73661574964603,6,306_left_LAD_prox_20mm_80ds_leaky_negative_draw0,0,ok,0.9483934360438523,84.49359953816902,0.004086552844008887,0.1,0.083,85.02648210033489,96.956503386357,96.956503386357,1.1403094776042149,0.7255733486760658,0.033207279808475265,0,0.21630072885900437,0,1,False,0.7068397620809437,True
306,left,LAD,prox,20.0,80,leaky,"[0.65, 0.7)",0.6923660688675906,negative,C_flowmatched,2,7.163720355824948e-09,1.1893333884879358,306.73661574964603,6,306_left_LAD_prox_20mm_80ds_leaky_negative_draw1,1,ok,0.9833726951148765,94.7531036284933,0.004139644058939021,0.1,0.083,85.02648210033489,76.11503755327277,76.11503755327277,0.895192129241026,0.6629806424885051,-0.029385426379085477,0,0.002764532494202825,1,1,False,0.8622567413732275,True
306,left,LAD,prox,20.0,80,leaky,"[0.65, 0.7)",0.6923660688675906,negative,C_flowmatched,2,7.163720355824948e-09,1.1893333884879358,306.73661574964603,6,306_left_LAD_prox_20mm_80ds_leaky_negative_draw2,2,ok,1.0414557716828177,90.45569983344726,0.0039194942818756495,0.1,0.083,85.02648210033489,85.93967403079614,85.93967403079614,1.0107400883572208,0.695138987793974,0.0027729189263834275,0,0.17225137159400114,0,1,False,0.7810555100795574,True
306,left,LAD,prox,20.0,80,discrete,"[0.65, 0.7)",0.6882332650555112,negative,C_flowmatched,2,1.8164218154922475e-08,1.1893333884879358,306.73661574964603,6,306_left_LAD_prox_20mm_80ds_discrete_negative_draw0,0,ok,1.0176327307139639,93.87985149451399,0.004082338774177079,0.1,0.083,212.12007898488588,212.93543610469595,212.93543610469595,1.0038438469555169,0.6892036705098614,0.0009704054543502316,0,0.10046275229471671,0,1,False,0.7743894299423256,True
306,left,LAD,prox,20.0,80,discrete,"[0.65, 0.7)",0.6882332650555112,negative,C_flowmatched,2,1.8164218154922475e-08,1.1893333884879358,306.73661574964603,6,306_left_LAD_prox_20mm_80ds_discrete_negative_draw1,1,ok,0.9838824365062288,79.8408865728388,0.00404144978370906,0.1,0.083,212.12007898488588,235.78396210473096,235.78396210473096,1.1115589020760792,0.7144881370847511,0.02625487202923993,0,0.19099021261059623,0,1,False,0.713413193832061,True
306,left,LAD,prox,20.0,80,discrete,"[0.65, 0.7)",0.6882332650555112,negative,C_flowmatched,2,1.8164218154922475e-08,1.1893333884879358,306.73661574964603,6,306_left_LAD_prox_20mm_80ds_discrete_negative_draw2,2,ok,0.9490747874818001,89.96732831938778,0.0040421042057668865,0.1,0.083,212.12007898488588,232.1395362027637,232.1395362027637,1.0943779453302216,0.7106893618230831,0.022456096767571876,0,0.019430414871910363,1,1,False,0.7224697080498969,True
335,left,LAD,prox,10.0,70,leaky,"[0.65, 0.7)",0.6901801724038662,negative,C_flowmatched,2,1.6475295699489253e-08,2.25770169776871,247.34729239972998,4,335_left_LAD_prox_10mm_70ds_leaky_negative_draw0,0,ok,1.033787170360796,87.27689120002228,0.003942990616331116,0.1,0.083,28.54958012337657,25.12153866189882,25.12153866189882,0.8799267293367006,0.6527903707774354,-0.037389801626430796,0,0.023988150832578214,1,1,False,6.878880528202469,True
335,left,LAD,prox,10.0,70,leaky,"[0.65, 0.7)",0.6901801724038662,negative,C_flowmatched,2,1.6475295699489253e-08,2.25770169776871,247.34729239972998,4,335_left_LAD_prox_10mm_70ds_leaky_negative_draw1,1,ok,0.9387189610413039,91.00110703478556,0.004109537872326762,0.1,0.083,28.54958012337657,34.57085012097742,34.57085012097742,1.2109057286159735,0.74293668283418,0.05275651043031382,0,0.1371255134728923,0,1,False,5.103558920693118,True
335,left,LAD,prox,10.0,70,leaky,"[0.65, 0.7)",0.6901801724038662,negative,C_flowmatched,2,1.6475295699489253e-08,2.25770169776871,247.34729239972998,4,335_left_LAD_prox_10mm_70ds_leaky_negative_draw2,2,ok,0.963731125407179,84.55942294835407,0.003955563769583303,0.1,0.083,28.54958012337657,30.03657188137935,30.03657188137935,1.0520845403531949,0.7046008138986362,0.014420641494769959,0,0.010615003990958221,1,1,False,5.823124477871047,True
335,left,LAD,prox,10.0,70,discrete,"[0.65, 0.7)",0.41924026429638195,negative,C_flowmatched,2,1.0986483944093126e-08,2.25770169776871,247.34729239972998,4,335_left_LAD_prox_10mm_70ds_discrete_negative_draw0,0,ok,1.0502343458829815,95.2409774144827,0.00407826028688946,0.1,0.083,15.045097897999725,14.853435085823639,14.853435085823639,0.9872607799912311,0.4169041630775496,-0.0023361012188323205,0,0.15113836013902404,0,1,False,4.034172367229782,True
335,left,LAD,prox,10.0,70,discrete,"[0.65, 0.7)",0.41924026429638195,negative,C_flowmatched,2,1.0986483944093126e-08,2.25770169776871,247.34729239972998,4,335_left_LAD_prox_10mm_70ds_discrete_negative_draw1,1,ok,0.9754912627003904,83.84668932685656,0.003982361596389984,0.1,0.083,15.045097897999725,15.594393206541366,15.594393206541366,1.0365099191953195,0.42586909317516203,0.00662882887878008,0,0.019357854069704104,1,1,False,3.9311656523837297,True
335,left,LAD,prox,10.0,70,discrete,"[0.65, 0.7)",0.41924026429638195,negative,C_flowmatched,2,1.0986483944093126e-08,2.25770169776871,247.34729239972998,4,335_left_LAD_prox_10mm_70ds_discrete_negative_draw2,2,ok,1.0016065650872994,88.21771638147618,0.003985170029835608,0.1,0.083,15.045097897999725,16.037109487981503,16.037109487981503,1.0659358680619597,0.43114102034866036,0.011900756052278416,0,0.13386408920227127,0,1,False,3.8722777277511975,True
368,left,LAD,mid,10.0,80,leaky,"[0.65, 0.7)",0.6582249758998878,negative,C_flowmatched,2,1.041153101887422e-08,1.820327008926476,300.77617629792906,6,368_left_LAD_mid_10mm_80ds_leaky_negative_draw0,0,ok,0.9653535300309393,92.50440811300221,0.003964092634023075,0.1,0.083,34.242370041269666,38.04235125256203,38.04235125256203,1.1109730782861273,0.6867871309454573,0.02856215504556947,0,0.004050736015610752,1,1,False,2.9537809703917697,True
368,left,LAD,mid,10.0,80,leaky,"[0.65, 0.7)",0.6582249758998878,negative,C_flowmatched,2,1.041153101887422e-08,1.820327008926476,300.77617629792906,6,368_left_LAD_mid_10mm_80ds_leaky_negative_draw1,1,ok,1.0504518389967437,92.02824057470714,0.003985221269581371,0.1,0.083,34.242370041269666,27.45847733116473,27.45847733116473,0.801886005497609,0.596103583310601,-0.06212139258928684,0,0.011200872425861208,1,1,False,4.029686913969592,True
368,left,LAD,mid,10.0,80,leaky,"[0.65, 0.7)",0.6582249758998878,negative,C_flowmatched,2,1.041153101887422e-08,1.820327008926476,300.77617629792906,6,368_left_LAD_mid_10mm_80ds_leaky_negative_draw2,2,ok,0.9151720759482017,84.13280980042322,0.0040374141941230055,0.1,0.083,34.242370041269666,38.9273406275748,38.9273406275748,1.1368179416511972,0.6929001173078596,0.03467514140797179,0,0.08078678394177069,1,1,False,2.889506322787919,True
368,left,LAD,mid,10.0,80,discrete,"[0.65, 0.7)",0.38978599684908216,negative,C_flowmatched,2,1.9503021144182335e-08,1.820327008926476,300.77617629792906,6,368_left_LAD_mid_10mm_80ds_discrete_negative_draw0,0,ok,1.059627593490229,87.70810751391615,0.0040600989781629186,0.1,0.083,58.363990806793105,51.50141619508427,51.50141619508427,0.8824176599844491,0.3650263935404513,-0.024759603308630862,0,0.06627705831801606,1,1,False,3.009553233655853,True
368,left,LAD,mid,10.0,80,discrete,"[0.65, 0.7)",0.38978599684908216,negative,C_flowmatched,2,1.9503021144182335e-08,1.820327008926476,300.77617629792906,6,368_left_LAD_mid_10mm_80ds_discrete_negative_draw1,1,ok,0.9395444072696131,88.96580940005632,0.004028677419905202,0.1,0.083,58.363990806793105,61.51644418289072,61.51644418289072,1.0540136706301224,0.40072272736419506,0.010936730515112902,0,0.023692126800658946,1,1,False,2.604089097388181,True
368,left,LAD,mid,10.0,80,discrete,"[0.65, 0.7)",0.38978599684908216,negative,C_flowmatched,2,1.9503021144182335e-08,1.820327008926476,300.77617629792906,6,368_left_LAD_mid_10mm_80ds_discrete_negative_draw2,2,ok,0.9265968061609421,92.64521113036754,0.003993639378007832,0.1,0.083,58.363990806793105,67.03608829534764,67.03608829534764,1.1485864377791173,0.4192375383967738,0.02945154154769164,0,0.07194264624956699,1,1,False,2.4267619944136265,True
621,left,LAD,mid,20.0,80,leaky,"[0.65, 0.7)",0.6852727455068993,negative,C_flowmatched,2,1.919867015808447e-08,1.921811050586459,430.0624682128764,9,621_left_LAD_mid_20mm_80ds_leaky_negative_draw0,0,ok,0.977633567211044,88.48399358363174,0.003989517125556077,0.1,0.083,53.875532980865515,56.96751542613872,56.96751542613872,1.0573912177605993,0.6984557728575855,0.013183027350686216,0,0.022814481416567025,1,1,False,3.7055821585700746,True
621,left,LAD,mid,20.0,80,leaky,"[0.65, 0.7)",0.6852727455068993,negative,C_flowmatched,2,1.919867015808447e-08,1.921811050586459,430.0624682128764,9,621_left_LAD_mid_20mm_80ds_leaky_negative_draw1,1,ok,1.034732947927716,96.38208745544274,0.004040445670119,0.1,0.083,53.875532980865515,52.55003973254693,52.55003973254693,0.9753971204555999,0.6792996564557873,-0.005973089051112046,0,0.019539795583958623,1,1,False,4.008473096980701,True
621,left,LAD,mid,20.0,80,leaky,"[0.65, 0.7)",0.6852727455068993,negative,C_flowmatched,2,1.919867015808447e-08,1.921811050586459,430.0624682128764,9,621_left_LAD_mid_20mm_80ds_leaky_negative_draw2,2,ok,0.9621474259390924,89.07328537116047,0.0038512178654708934,0.1,0.083,53.875532980865515,54.874367520211784,54.874367520211784,1.018539668827054,0.6896432044217904,0.004370458914891073,0,0.0356050188643017,1,1,False,3.8431569048046916,True
621,left,LAD,mid,20.0,80,discrete,"[0.65, 0.7)",0.37371539003679843,negative,C_flowmatched,2,3.3088508390458864e-08,1.921811050586459,430.0624682128764,9,621_left_LAD_mid_20mm_80ds_discrete_negative_draw0,0,ok,0.9931337835402552,85.22432238188134,0.003984648366961011,0.1,0.083,86.35632055809265,94.62449165103861,94.62449165103861,1.0957448283983324,0.39150925822364485,0.017793868186846418,0,0.11371827431853876,0,1,False,3.1108229942125876,True
621,left,LAD,mid,20.0,80,discrete,"[0.65, 0.7)",0.37371539003679843,negative,C_flowmatched,2,3.3088508390458864e-08,1.921811050586459,430.0624682128764,9,621_left_LAD_mid_20mm_80ds_discrete_negative_draw1,1,ok,1.065936238343425,80.32535743310456,0.003930138668224708,0.1,0.083,86.35632055809265,87.12366842095943,87.12366842095943,1.0088858332303607,0.3754011036180046,0.0016857135812061719,0,0.028558822655676188,1,1,False,3.3393532044669096,True
621,left,LAD,mid,20.0,80,discrete,"[0.65, 0.7)",0.37371539003679843,negative,C_flowmatched,2,3.3088508390458864e-08,1.921811050586459,430.0624682128764,9,621_left_LAD_mid_20mm_80ds_discrete_negative_draw2,2,ok,1.0015407838789734,85.02844534353649,0.003978248757647385,0.1,0.083,86.35632055809265,91.16738390044836,91.16738390044836,1.0557117685337145,0.38416749147279594,0.010452101435997507,0,0.023463576378666855,1,1,False,3.2119684583382617,True
