scan,side,vessel,err,bed,meas_lost,clean,nout_clean,nout_bad,A,B,C,r_branch,branch_before_meas
3,left,LAD,T1,leaky,False,0.844036637216716,6.0,5.0,0.9052442987505016,0.8877709671168736,0.906999383983053,0.8795800767261762,True
3,left,LAD,T1,share,False,0.8150905101663416,3.0,2.0,0.9184093703623554,0.8335237045025582,0.9128718862090878,0.8795800767261762,True
3,left,LAD,T1,leaf3,False,0.7186440669735743,3.0,2.0,0.8602563474114052,0.7964580642849076,0.877862139739785,0.8795800767261762,True
3,left,LAD,T1,apport,False,0.75012812071316,3.0,2.0,0.8829911697334821,0.8036468596894274,0.8847859586910316,0.8795800767261762,True
3,left,LAD,T4,leaky,False,0.844036637216716,6.0,6.0,0.8427116374535003,0.864127173998008,0.8553174318341511,,
3,left,LAD,T4,share,True,,,,,,,,
3,left,LAD,T4,leaf3,True,,,,,,,,
3,left,LAD,T4,apport,True,,,,,,,,
3,left,LCX,T4,leaky,False,0.9357113414993022,6.0,6.0,0.927529879908145,0.9466332911289165,0.9975928708895214,,
3,left,LCX,T4,share,False,0.846885655225746,3.0,3.0,0.8626752692761003,0.7836163698969958,0.7756706425989297,,
3,left,LCX,T4,leaf3,False,0.9113693160443661,3.0,3.0,0.9094517174772456,0.8818340446601859,0.8815427233228779,,
3,left,LCX,T4,apport,False,0.8879603076497393,3.0,3.0,0.8912209616369625,0.8534875949811923,0.8560260454158057,,
3,right,RCA,T4,leaky,False,0.7881117500281126,2.0,2.0,0.7813759548870406,0.8180829669801744,0.9973355573926598,,
3,right,RCA,T4,share,False,0.7439851746793656,1.0,1.0,0.7575785890238455,0.7489967110334929,0.9959193119618385,,
3,right,RCA,T4,leaf3,False,0.7439851746793656,1.0,1.0,0.7575785890244253,0.7489967110334929,0.9959193119618385,,
3,right,RCA,T4,apport,False,0.7439851746793656,1.0,1.0,0.7575785890238455,0.7489967110334929,0.9959193119618385,,
9,right,RCA,T4,leaky,False,0.8333921527859107,2.0,2.0,0.8384136445763072,0.8792783888513288,0.9969853515949586,,
9,right,RCA,T4,share,False,0.8331459554068689,1.0,1.0,0.8415339517876812,0.8713279996998501,0.9967333397360825,,
9,right,RCA,T4,leaf3,False,0.8331459554068689,1.0,1.0,0.8415339517876812,0.8713279996998501,0.9967333397360825,,
9,right,RCA,T4,apport,False,0.8331459554068689,1.0,1.0,0.8415339517876812,0.8713279996998501,0.9967333397360825,,
14,left,LAD,T4,leaky,False,0.9730632825584061,7.0,6.0,0.9709631480723515,0.9768855527078772,0.9994008110722009,,
14,left,LAD,T4,share,True,,,,,,,,
14,left,LAD,T4,leaf3,True,,,,,,,,
14,left,LAD,T4,apport,True,,,,,,,,
14,right,RCA,T4,leaky,False,0.7961648288046496,3.0,3.0,0.79857044536942,0.774423116718779,0.9965462220308207,,
14,right,RCA,T4,share,False,0.7538413695584995,1.0,1.0,0.80739127327866,0.7203920222405693,0.9944301265924412,,
14,right,RCA,T4,leaf3,False,0.7538413695584995,1.0,1.0,0.80739127327866,0.7203920222405744,0.9944301265924412,,
14,right,RCA,T4,apport,False,0.7538413695584995,1.0,1.0,0.80739127327866,0.7203920222405693,0.9944301265924412,,
30,right,RCA,T1,leaky,False,0.7524249717706364,4.0,3.0,0.7970151886975126,0.7573337547571197,0.8209953176947153,1.0365602940824963,False
30,right,RCA,T1,share,False,0.7283005454439382,3.0,2.0,0.7975514219821771,0.7250283317701797,0.8314183937419223,1.0365602940824963,False
30,right,RCA,T1,leaf3,False,0.7333611566906757,3.0,2.0,0.8288691152281435,0.7260991367469106,0.8660195634595651,1.0365602940824963,False
30,right,RCA,T1,apport,False,0.7300889627295587,3.0,2.0,0.8094132856132893,0.7256681690719141,0.8459901574073002,1.0365602940824963,False
30,right,RCA,T4,leaky,False,0.7524249717706364,4.0,4.0,0.7438533455133609,0.7587894862727702,0.9973568009285515,,
30,right,RCA,T4,share,False,0.7283005454439382,3.0,2.0,0.7374954825713529,0.7073123076033475,0.9963553297247347,,
30,right,RCA,T4,leaf3,False,0.7333611566906757,3.0,2.0,0.7462202659656096,0.7227802414164137,0.9963746146340225,,
30,right,RCA,T4,apport,False,0.7300889627295587,3.0,2.0,0.7407706249990783,0.7150132202521788,0.9963698241846335,,
41,right,RCA,T4,leaky,False,0.7717776571448421,2.0,2.0,0.7618962860402829,0.7958916846656735,0.9968889359151345,,
41,right,RCA,T4,share,False,0.8464766696015037,1.0,1.0,0.9019692813448613,0.7330134751042718,0.9936509977058942,,
41,right,RCA,T4,leaf3,False,0.8464766696015037,1.0,1.0,0.9019692813448613,0.7330134751043097,0.9936509977058942,,
41,right,RCA,T4,apport,False,0.8464766696015037,1.0,1.0,0.9019692813446042,0.7330134751045585,0.9936509977059323,,
42,right,RCA,T1,leaky,False,0.8204584939007193,3.0,2.0,0.8859595583768004,0.8255458643464639,0.9028953760906601,0.9609154096326558,False
42,right,RCA,T1,share,False,0.8118590931663551,2.0,1.0,0.9121921561400825,0.8060305123702133,0.9301740952310232,0.9609154096326558,False
42,right,RCA,T1,leaf3,False,0.8122048788038361,2.0,1.0,0.9149563080065809,0.8060305123702133,0.93266085012881,0.9609154096326558,False
42,right,RCA,T1,apport,False,0.8119690695326764,2.0,1.0,0.9130822413090608,0.8060305123702133,0.9309778540858796,0.9609154096326558,False
42,right,RCA,T4,leaky,False,0.8204584939007193,3.0,3.0,0.8233561162963007,0.8225124196552727,0.9966638883366437,,
42,right,RCA,T4,share,False,0.8118590931663551,2.0,2.0,0.8245383064046469,0.7986491739190029,0.9957608759033422,,
42,right,RCA,T4,leaf3,False,0.8122048788038361,2.0,2.0,0.825095230706163,0.7985860155239017,0.995760793071983,,
42,right,RCA,T4,apport,False,0.8119690695326764,2.0,2.0,0.8247151576262883,0.7986159798542894,0.9957608328883051,,
43,left,LAD,T1,leaky,False,0.8583846184821088,8.0,7.0,0.9089571348250566,0.8761301231645161,0.8849167830093704,1.058415353403922,True
43,left,LAD,T1,share,False,0.8330140267719346,7.0,6.0,0.9156906861241525,0.8715826699104358,0.8822992427608131,1.058415353403922,True
43,left,LAD,T1,leaf3,False,0.894607074199765,7.0,6.0,0.9608905646680134,0.952640647588736,0.9614977198095327,1.058415353403922,True
43,left,LAD,T1,apport,False,0.8156941300725369,7.0,6.0,0.918541187040174,0.8749523944863443,0.8931700036579862,1.058415353403922,True
43,left,LAD,T4,leaky,False,0.8583846184821088,8.0,8.0,0.8579715182014473,0.8935105968599981,0.9959222878741038,,
43,left,LAD,T4,share,False,0.8330140267719346,7.0,7.0,0.8605875784634475,0.819028119552723,0.8185805328957932,,
43,left,LAD,T4,leaf3,False,0.894607074199765,7.0,7.0,0.903053563777223,0.8916038692006326,0.8915841079613793,,
43,left,LAD,T4,apport,False,0.8156941300725369,7.0,7.0,0.8440071515923931,0.8043964538695092,0.8042464655540116,,
43,left,LCX,T1,leaky,False,0.8180729234834703,8.0,7.0,0.8538858969851517,0.8424919326800703,0.8591345523839798,0.8942709757388136,False
43,left,LCX,T1,share,False,0.7474490406175525,7.0,6.0,0.8057187906569907,0.7472133527038219,0.7918207463519528,0.8942709757388136,False
43,left,LCX,T1,leaf3,False,0.6998538380047142,7.0,6.0,0.7740637025917169,0.7362582126489967,0.7893373392709628,0.8942709757388136,False
43,left,LCX,T1,apport,False,0.7692203028495795,7.0,6.0,0.824033952294343,0.7956419487209163,0.8291441778880314,0.8942709757388136,False
43,left,LCX,T4,leaky,False,0.8180729234834703,8.0,8.0,0.8169774741139996,0.8505727123235529,0.9978250549934727,,
43,left,LCX,T4,share,False,0.7474490406175525,7.0,6.0,0.7502492383603964,0.7321145824183599,0.7220019711871268,,
43,left,LCX,T4,leaf3,False,0.6998538380047142,7.0,6.0,0.7049537650229903,0.7339219973537808,0.7746253457165458,,
43,left,LCX,T4,apport,False,0.7692203028495795,7.0,6.0,0.7709143807151805,0.7774425405820856,0.7861354406358915,,
43,right,RCA,T4,leaky,False,0.8178659273201992,3.0,3.0,0.8192161568862281,0.8425281795145027,0.9974565309940799,,
43,right,RCA,T4,share,False,0.7725762445857864,1.0,1.0,0.7923918175273053,0.7928312217325959,0.9962824455462108,,
43,right,RCA,T4,leaf3,False,0.772576244585834,1.0,1.0,0.7923918175273053,0.7928312217325959,0.9962824455462108,,
43,right,RCA,T4,apport,False,0.772576244585834,1.0,1.0,0.7923918175273053,0.7928312217330139,0.9962824455462108,,
45,left,LAD,T4,leaky,False,0.8376887948711214,9.0,9.0,0.8344713434838122,0.8576370415038351,0.997479231961396,,
45,left,LAD,T4,share,True,,,,,,,,
45,left,LAD,T4,leaf3,True,,,,,,,,
45,left,LAD,T4,apport,True,,,,,,,,
45,left,LCX,T1,leaky,False,0.7833318450859249,9.0,7.0,0.8604699444032884,0.7945869117260608,0.8182582672552179,1.1083188338636354,True
45,left,LCX,T1,share,False,0.7565383521239699,6.0,5.0,0.8621129758047944,0.7529670551647945,0.8807843687869921,1.1083188338636354,True
45,left,LCX,T1,leaf3,False,0.6912108058590276,6.0,5.0,0.774342203350491,0.7008813078476384,0.8072082176251955,1.1083188338636354,True
45,left,LCX,T1,apport,False,0.7312559068722129,6.0,5.0,0.818063745301682,0.7355675910300442,0.8401165144939416,1.1083188338636354,True
45,left,LCX,T4,leaky,False,0.7833318450859249,9.0,9.0,0.7808330969843562,0.8111953748874905,0.99753680151542,,
45,left,LCX,T4,share,False,0.7565383521239699,6.0,3.0,0.7554242329074453,0.7557841206315105,0.7623287363688058,,
45,left,LCX,T4,leaf3,False,0.6912108058590276,6.0,3.0,0.6946893652685451,0.7251190328018696,0.8493184855049346,,
45,left,LCX,T4,apport,False,0.7312559068722129,6.0,3.0,0.7328855220502072,0.7587507666778533,0.8303550794350736,,
52,left,LAD,T1,leaky,False,0.8877835542207998,8.0,7.0,0.9191837808422577,0.8876174251879846,0.8875805148284762,0.8244338260652109,False
52,left,LAD,T1,share,False,0.7960559256883034,7.0,6.0,0.8669075630737324,0.8036692906271659,0.8332892872136995,0.8244338260652109,False
52,left,LAD,T1,leaf3,False,0.7691364161067483,7.0,6.0,0.8424765095234211,0.8150347158581016,0.8487864381367112,0.8244338260652109,False
52,left,LAD,T1,apport,False,0.7657699895900136,7.0,6.0,0.8419345961421777,0.7786755876848438,0.8096069125227361,0.8244338260652109,False
52,left,LAD,T4,leaky,False,0.8877835542207998,8.0,8.0,0.8861126366354803,0.8835879467177146,0.9976456981869529,,
52,left,LAD,T4,share,False,0.7960559256883034,7.0,6.0,0.8011463091375741,0.7925974517073942,0.8047149614456851,,
52,left,LAD,T4,leaf3,False,0.7691364161067483,7.0,6.0,0.7769919922835928,0.8354782646442763,0.8716546892503215,,
52,left,LAD,T4,apport,False,0.7657699895900136,7.0,6.0,0.7737034416705681,0.7781048797973025,0.7987408051173926,,
52,left,LCX,T1,leaky,False,0.842051458219576,8.0,7.0,0.8802466229380881,0.8655194593777875,0.8768280704929455,0.8455382586773934,False
52,left,LCX,T1,share,False,0.7560198348656737,7.0,6.0,0.8366906064027148,0.7578390841780094,0.7980991159294196,0.8455382586773934,False
52,left,LCX,T1,leaf3,False,0.7895338172597729,7.0,6.0,0.8703830778409698,0.8455298309158208,0.8766892212790276,0.8455382586773934,False
52,left,LCX,T1,apport,False,0.7945101498825126,7.0,6.0,0.8646960076663185,0.823790162677249,0.8544428929530231,0.8455382586773934,False
52,left,LCX,T4,leaky,False,0.842051458219576,8.0,8.0,0.8400584797663941,0.865411838480748,0.997707421857983,,
52,left,LCX,T4,share,False,0.7560198348656737,7.0,5.0,0.7581433406713595,0.7445984790187878,0.7409068236821199,,
52,left,LCX,T4,leaf3,False,0.7895338172597729,7.0,5.0,0.7905919854055807,0.9173563395614113,0.9446283383282131,,
52,left,LCX,T4,apport,False,0.7945101498825126,7.0,5.0,0.7951129529160416,0.8242832881100869,0.841787838612064,,
52,right,RCA,T1,leaky,False,0.8218716423085862,2.0,1.0,0.8784793475514128,0.8195269832555706,0.816942275527582,0.8383097922150478,False
52,right,RCA,T1,share,False,0.8000181511964967,2.0,1.0,0.9020950470259087,0.7922853176279301,0.9220361975157289,0.8383097922150478,False
52,right,RCA,T1,leaf3,False,0.8016003298153556,2.0,1.0,0.9108302944662666,0.7922853176279301,0.9298538231422492,0.8383097922150478,False
52,right,RCA,T1,apport,False,0.8007422871906346,2.0,1.0,0.9062118460819009,0.7922853176279301,0.9257527612934947,0.8383097922150478,False
52,right,RCA,T4,leaky,False,0.8218716423085862,2.0,2.0,0.8266371657051128,0.8609757858864123,0.9977884379948073,,
52,right,RCA,T4,share,False,0.8000181511964967,2.0,2.0,0.8177542919589298,0.8212454619877891,0.9971285522153617,,
52,right,RCA,T4,leaf3,False,0.8016003298153556,2.0,2.0,0.8201421213086539,0.8212419300073461,0.9971286644104873,,
52,right,RCA,T4,apport,False,0.8007422871906346,2.0,2.0,0.8188405628107157,0.8212432767061619,0.9971286220316619,,
69,left,LAD,T4,leaky,False,0.8909828539401737,4.0,4.0,0.8831764032229314,0.8932649605793838,0.9969967158239741,,
69,left,LAD,T4,share,False,0.7974121828873305,4.0,4.0,0.7996261606782548,0.7914156890042138,0.7930926532276116,,
69,left,LAD,T4,leaf3,False,0.8750082027067545,4.0,4.0,0.8700093513537822,0.867194501395533,0.8672003977003231,,
69,left,LAD,T4,apport,False,0.8089346959583833,4.0,4.0,0.8097128441523922,0.8049004029405064,0.8064301140612692,,
69,left,LCX,T1,leaky,False,0.8788416560705226,4.0,3.0,0.9239494468715798,0.8782866308116092,0.8780496665159288,0.9896024291234939,True
69,left,LCX,T1,share,False,0.8195797788790792,4.0,3.0,0.9244967039625519,0.8226491392470006,0.8958687219224349,0.9896024291234939,True
69,left,LCX,T1,leaf3,False,0.8231956913079008,4.0,3.0,0.9266916099411175,0.8923726100335123,0.931130280285977,0.9896024291234939,True
69,left,LCX,T1,apport,False,0.8425439054250677,4.0,3.0,0.9350621030372943,0.8446188663821184,0.9096998429302235,0.9896024291234939,True
69,left,LCX,T4,leaky,False,0.8788416560705226,4.0,4.0,0.8761281052995327,0.9078092977899715,0.9987129713841747,,
69,left,LCX,T4,share,False,0.8195797788790792,4.0,4.0,0.8268461605173831,0.7914173181760197,0.7672158618781526,,
69,left,LCX,T4,leaf3,False,0.8231956913079008,4.0,4.0,0.8300351632669726,0.81278219212482,0.8116051538915872,,
69,left,LCX,T4,apport,False,0.8425439054250677,4.0,4.0,0.8471730021962989,0.8141774672648361,0.7941108997977804,,
69,right,RCA,T1,leaky,False,0.7702367186305024,2.0,1.0,0.8140238402068305,0.7691733208175696,0.7674263187401666,1.019806287764926,False
69,right,RCA,T1,share,False,0.79391109992075,2.0,1.0,0.8816719234051728,0.7852272038842136,0.9064360845130927,1.019806287764926,False
69,right,RCA,T1,leaf3,False,0.7982034529826922,2.0,1.0,0.8942846491507209,0.7852272038842136,0.9178635537010184,1.019806287764926,False
69,right,RCA,T1,apport,False,0.7961758710873879,2.0,1.0,0.8885812692363976,0.7852272038842136,0.9127736934794765,1.019806287764926,False
69,right,RCA,T4,leaky,False,0.7702367186305024,2.0,2.0,0.7929167911357746,0.8304079617393783,0.9982051479837528,,
69,right,RCA,T4,share,False,0.79391109992075,2.0,2.0,0.8474411630112716,0.8387928527778276,0.9980288875917926,,
69,right,RCA,T4,leaf3,False,0.7982034529826922,2.0,2.0,0.8503092378866827,0.8444599739241119,0.9980573197876688,,
69,right,RCA,T4,apport,False,0.7961758710873879,2.0,2.0,0.8488987563545127,0.8420955682019632,0.9980488438298066,,
80,left,LAD,T4,leaky,False,0.9042386854954247,3.0,3.0,0.8970050965020265,0.906133455634445,0.9044364346818254,,
80,left,LAD,T4,share,True,,,,,,,,
80,left,LAD,T4,leaf3,True,,,,,,,,
80,left,LAD,T4,apport,True,,,,,,,,
80,right,RCA,T4,leaky,False,0.8203966353188965,2.0,1.0,0.8091998096058214,0.8378080516027826,0.996510885642359,,
80,right,RCA,T4,share,False,0.8080763847627673,1.0,1.0,0.8093611849201027,0.8028369593573818,0.9952377674978776,,
80,right,RCA,T4,leaf3,False,0.8080763847627673,1.0,1.0,0.8093611849201027,0.8028369593573818,0.9952377674978776,,
80,right,RCA,T4,apport,False,0.8080763847627453,1.0,1.0,0.8093611849202318,0.8028369593573818,0.9952377674978776,,
85,right,RCA,T4,leaky,False,0.7626624533809669,2.0,1.0,0.7553707266488638,0.8026143023570084,0.5175601873920176,,
85,right,RCA,T4,share,False,0.8080687191778679,1.0,1.0,0.8958093526421974,0.6901875693262141,0.9949314831590579,,
85,right,RCA,T4,leaf3,False,0.8080687191773556,1.0,1.0,0.8958093526417239,0.6901875693262791,0.9949314831590579,,
85,right,RCA,T4,apport,False,0.8080687191771665,1.0,1.0,0.8958093526416877,0.6901875693262141,0.9949314831590579,,
87,right,RCA,T4,leaky,False,0.8271660720816442,2.0,1.0,0.8234032114843796,0.8449186249543538,0.32681974102657396,,
87,right,RCA,T4,share,False,0.8033714805961772,1.0,1.0,0.810991279300007,0.7854971562137621,0.9959905518812566,,
87,right,RCA,T4,leaf3,False,0.8033714805960199,1.0,1.0,0.8109912792999466,0.7854971562137621,0.9959905518812566,,
87,right,RCA,T4,apport,False,0.8033714805961772,1.0,1.0,0.810991279300007,0.7854971562137621,0.9959905518812566,,
88,left,LAD,T1,leaky,False,0.9225291745761203,6.0,5.0,0.9618439301960038,0.9578652169393875,0.9622752505007383,0.8639962288652067,True
88,left,LAD,T4,leaky,False,0.9225291745761203,6.0,6.0,0.9199185812698245,0.9472145618181096,0.9974134192805325,,
88,right,RCA,T4,leaky,False,0.8236344692971898,2.0,2.0,0.8239855170608761,0.8361246006000238,0.9967910992737993,,
88,right,RCA,T4,share,False,0.7963224027347184,1.0,1.0,0.8125125865925866,0.792875613154358,0.9956460539351376,,
88,right,RCA,T4,leaf3,False,0.7963224027357475,1.0,1.0,0.8125125865923497,0.792875613154358,0.9956460539351376,,
88,right,RCA,T4,apport,False,0.7963224027347184,1.0,1.0,0.8125125865925866,0.792875613154358,0.9956460539351376,,
95,left,LAD,T1,leaky,False,0.9261847206674162,6.0,5.0,0.9474280872588601,0.9388310118886855,0.9464858006690295,0.8614063804602594,False
95,left,LAD,T1,share,False,0.9186917890851444,6.0,5.0,0.9559232009112387,0.9195469522615013,0.950928593260868,0.8614063804602594,False
95,left,LAD,T1,leaf3,False,0.9117503998098537,6.0,5.0,0.9503989054428698,0.9367438129008806,0.9516860601916124,0.8614063804602594,False
95,left,LAD,T1,apport,False,0.9230688246341746,6.0,5.0,0.9599345710766771,0.9360193665125748,0.9537176441847682,0.8614063804602594,False
95,left,LAD,T4,leaky,False,0.9261847206674162,6.0,6.0,0.9201125837702319,0.9259720170944439,0.9986472356751757,,
95,left,LAD,T4,share,False,0.9186917890851444,6.0,5.0,0.9124139729076112,0.9139783293556355,0.9197248583848865,,
95,left,LAD,T4,leaf3,False,0.9117503998098537,6.0,5.0,0.9051771797719489,0.9320207109042236,0.9471256443403918,,
95,left,LAD,T4,apport,False,0.9230688246341746,6.0,5.0,0.9164524288228689,0.9315668097168868,0.9451766071960076,,
95,left,LCX,T1,leaky,False,0.8915492631704005,6.0,5.0,0.9306639604380263,0.9044953838760735,0.9116261786142974,0.9032138351730148,True
95,left,LCX,T1,share,False,0.8236504104081147,6.0,5.0,0.8952225748515665,0.8219426298230922,0.8894711941526875,0.9032138351730148,True
95,left,LCX,T1,leaf3,False,0.8343096430937054,6.0,5.0,0.8979508778760978,0.8717641625111303,0.9021438685292333,0.9032138351730148,True
95,left,LCX,T1,apport,False,0.8142162532282341,6.0,5.0,0.8906439329328046,0.8224247522547304,0.8722625639575087,0.9032138351730148,True
95,left,LCX,T4,leaky,False,0.8915492631704005,6.0,6.0,0.8886467044018044,0.9114861477467163,0.9980509462561501,,
95,left,LCX,T4,share,True,,,,,,,,
95,left,LCX,T4,leaf3,True,,,,,,,,
95,left,LCX,T4,apport,True,,,,,,,,
95,right,RCA,T4,leaky,False,0.8068392023463172,2.0,2.0,0.8075134459144757,0.8956472163200029,0.9982313051340665,,
95,right,RCA,T4,share,False,0.7488206867256758,1.0,1.0,0.7639731051743445,0.8585925736592603,0.7600924526037782,,
95,right,RCA,T4,leaf3,False,0.7488206867256562,1.0,1.0,0.7639731051742993,0.8585925736592603,0.7600924526038877,,
95,right,RCA,T4,apport,False,0.7488206867256562,1.0,1.0,0.7639731051742993,0.8585925736592603,0.7600924526040845,,
100,left,LCX,T1,leaky,False,0.9439197201940829,7.0,6.0,0.9622992076591838,0.9567234391341931,0.9626408832541746,0.9437204357147259,False
100,left,LCX,T1,share,False,0.9230659144204213,6.0,5.0,0.9469766969545752,0.9232036351085674,0.9468257461836108,0.9437204357147259,False
100,left,LCX,T1,leaf3,False,0.9242244818049992,6.0,5.0,0.9537833961137865,0.9425651329811573,0.9546046657740461,0.9437204357147259,False
100,left,LCX,T1,apport,False,0.9167919691432025,6.0,5.0,0.9520096616424331,0.9284869712426186,0.946599939329674,0.9437204357147259,False
100,left,LCX,T4,leaky,False,0.9439197201940829,7.0,7.0,0.9391057393178286,0.9530033673693232,0.9988541906504638,,
100,left,LCX,T4,share,True,,,,,,,,
100,left,LCX,T4,leaf3,True,,,,,,,,
100,left,LCX,T4,apport,True,,,,,,,,
100,right,RCA,T4,leaky,False,0.839686544672166,2.0,2.0,0.8464788921281823,0.8478711263693905,0.9953959071088135,,
100,right,RCA,T4,share,False,0.8445163690217069,1.0,1.0,0.8813075327489523,0.8313643406563392,0.9956641276285049,,
100,right,RCA,T4,leaf3,False,0.8445163690218093,1.0,1.0,0.8813075327490331,0.8313643406562681,0.9956641276285049,,
100,right,RCA,T4,apport,False,0.8445163690218093,1.0,1.0,0.8813075327492075,0.8313643406563392,0.9956641276285049,,
102,left,LAD,T1,leaky,False,0.9409615405985388,6.0,5.0,0.9700508941183518,0.9427206395678043,0.9433946252561716,1.1908345198559909,True
102,left,LAD,T1,share,False,0.8878062555593601,6.0,5.0,0.9504790336730038,0.8960031680979976,0.9194061456291384,1.1908345198559909,True
102,left,LAD,T1,leaf3,False,0.9015534094265024,6.0,5.0,0.9602865797796875,0.9497865086527043,0.9610325149282999,1.1908345198559909,True
102,left,LAD,T1,apport,False,0.8801172493447488,6.0,5.0,0.9494098775549702,0.9023533977922151,0.9261200622778901,1.1908345198559909,True
102,left,LAD,T4,leaky,False,0.9409615405985388,6.0,6.0,0.9398253812678014,0.9425773932184691,0.9987087492689899,,
102,left,LAD,T4,share,False,0.8878062555593601,6.0,6.0,0.9035134861811042,0.8839061863155621,0.8836832393784907,,
102,left,LAD,T4,leaf3,False,0.9015534094265024,6.0,6.0,0.9139444978793936,0.89846960679727,0.8986419027935885,,
102,left,LAD,T4,apport,False,0.8801172493447488,6.0,6.0,0.8980691244883788,0.878361238004442,0.8792869888119337,,
102,left,LCX,T1,leaky,False,0.913588440264905,6.0,5.0,0.9451884119013187,0.9424505695297194,0.9457152334598037,0.9043442657950433,True
102,left,LCX,T1,share,False,0.8315625466440665,6.0,5.0,0.9274570744144058,0.8340634785870372,0.887351859856271,0.9043442657950433,True
102,left,LCX,T1,leaf3,False,0.7258495470464201,6.0,5.0,0.8744652128873326,0.8443185863672388,0.8823388306166634,0.9043442657950433,True
102,left,LCX,T1,apport,False,0.8276403851792675,6.0,5.0,0.9256558821154687,0.8581633822688105,0.8962507445644188,0.9043442657950433,True
102,left,LCX,T4,leaky,False,0.913588440264905,6.0,6.0,0.9099174296830683,0.9315260513929874,0.9985277238200346,,
102,left,LCX,T4,share,True,,,,,,,,
102,left,LCX,T4,leaf3,True,,,,,,,,
102,left,LCX,T4,apport,True,,,,,,,,
102,right,RCA,T1,leaky,False,0.7864931908470224,2.0,1.0,0.8332438354325161,0.7934239640861127,0.8555196881232363,0.9348949374131656,False
102,right,RCA,T1,share,False,0.7672803662881996,2.0,1.0,0.8778703597489753,0.7861496341994239,0.9087090898033551,0.9348949374131656,False
102,right,RCA,T1,leaf3,False,0.7673534596189312,2.0,1.0,0.9033649587714819,0.7861496341994239,0.9317513908594931,0.9348949374131656,False
102,right,RCA,T1,apport,False,0.7670814650811746,2.0,1.0,0.8923158495517507,0.7861496341982425,0.9221584792951824,0.9348949374131656,False
102,right,RCA,T4,leaky,False,0.7864931908470224,2.0,2.0,0.7867908520592329,0.8356132536228291,0.9977405445442171,,
102,right,RCA,T4,share,False,0.7672803662881996,2.0,2.0,0.7989069839151464,0.8087519813279809,0.9967431528684912,,
102,right,RCA,T4,leaf3,False,0.7673534596189312,2.0,2.0,0.7972232819925653,0.8078587543760645,0.9967696393291735,,
102,right,RCA,T4,apport,False,0.7670814650811746,2.0,2.0,0.7975307954792233,0.808088461701155,0.9967610269334721,,
103,right,RCA,T1,leaky,False,0.8180135044195641,2.0,1.0,0.8569111023330392,0.8166890197192829,0.8141381803258668,0.7564864525379545,False
103,right,RCA,T1,share,False,0.7828859754814218,2.0,1.0,0.8819016813789697,0.7951673134905557,0.9059658904186475,0.7564864525379545,False
103,right,RCA,T1,leaf3,False,0.7805697653968888,2.0,1.0,0.9103048792658504,0.7951673134905557,0.9327240483718464,0.7564864525379545,False
103,right,RCA,T1,apport,False,0.7814753491557545,2.0,1.0,0.898291028361333,0.7951673134905526,0.9218429350490005,0.7564864525379545,False
103,right,RCA,T4,leaky,False,0.8180135044195641,2.0,2.0,0.8206304036388871,0.846180920063392,0.9977668896232804,,
103,right,RCA,T4,share,False,0.7828859754814218,2.0,1.0,0.7979402836212321,0.7874116968816802,0.9967447586434892,,
103,right,RCA,T4,leaf3,False,0.7805697653968888,2.0,1.0,0.7918286365120694,0.7874116968818525,0.9967447586434892,,
103,right,RCA,T4,apport,False,0.7814753491557545,2.0,1.0,0.7942265169917196,0.7874116968816802,0.9967447586434892,,
109,right,RCA,T4,leaky,False,0.8421358993500234,2.0,1.0,0.8477854477154037,0.8693006141707135,0.997071340081566,,
109,right,RCA,T4,share,False,0.8303988378090346,1.0,1.0,0.8551124992766513,0.8305425606514689,0.9962538858222244,,
109,right,RCA,T4,leaf3,False,0.8303988378090346,1.0,1.0,0.8551124992766513,0.8305425606514689,0.9962538858222244,,
109,right,RCA,T4,apport,False,0.8303988378090346,1.0,1.0,0.8551124992766513,0.8305425606514689,0.9962538858222244,,
112,left,LAD,T1,leaky,False,0.9336590225504487,6.0,5.0,0.956690645686352,0.9465309026528608,0.9534468819173086,0.7994393750710885,False
112,left,LAD,T1,share,False,0.8964898490612597,4.0,4.0,0.9599527673831666,0.8964589009456044,0.8963974104042143,0.7994393750710885,False
112,left,LAD,T1,leaf3,False,0.92559231263425,4.0,4.0,0.9706686785898078,0.9224978186688626,0.9196449363623962,0.7994393750710885,False
112,left,LAD,T1,apport,False,0.9087697984517582,4.0,4.0,0.9650151713881181,0.9090980551524752,0.9087561304244914,0.7994393750710885,False
112,left,LAD,T4,leaky,False,0.9336590225504487,6.0,6.0,0.9266726393766186,0.9407878890252185,0.9984371625587889,,
112,left,LAD,T4,share,True,,,,,,,,
112,left,LAD,T4,leaf3,True,,,,,,,,
112,left,LAD,T4,apport,True,,,,,,,,
112,left,LCX,T1,leaky,False,0.931628037533484,6.0,5.0,0.9622464132419972,0.945808483278208,0.9535886608019477,0.8844619226734418,True
112,left,LCX,T1,share,False,0.9381885452786504,4.0,3.0,0.969043402243478,0.9377488120859351,0.9595216861936959,0.8844619226734418,True
112,left,LCX,T1,leaf3,False,0.9077525272759178,4.0,3.0,0.9530070870795545,0.9356228987834049,0.9540406234706944,0.8844619226734418,True
112,left,LCX,T1,apport,False,0.9257907290024746,4.0,3.0,0.9632998644732176,0.9417564755316231,0.9577226082244605,0.8844619226734418,True
112,left,LCX,T4,leaky,False,0.931628037533484,6.0,6.0,0.9290342179175617,0.9386314397653976,0.9984809874820572,,
112,left,LCX,T4,share,False,0.9381885452786504,4.0,4.0,0.9358131250475149,0.9290388963617401,0.9246623946570525,,
112,left,LCX,T4,leaf3,False,0.9077525272759178,4.0,4.0,0.9051358820213236,0.9097594213696872,0.9159245157370065,,
112,left,LCX,T4,apport,False,0.9257907290024746,4.0,4.0,0.9232952700135417,0.9175774969060612,0.9134220027740626,,
112,right,RCA,T4,leaky,False,0.8170405996835909,2.0,2.0,0.8188742732485857,0.8773294553840506,0.9979038612059178,,
112,right,RCA,T4,share,False,0.7632106823477643,1.0,1.0,0.7967475029638255,0.8301575021032345,0.9969520081065745,,
112,right,RCA,T4,leaf3,False,0.7632106823477643,1.0,1.0,0.7967475029638255,0.8301575021032345,0.9969520081065745,,
112,right,RCA,T4,apport,False,0.7632106823477643,1.0,1.0,0.7967475029638255,0.8301575021032345,0.9969520081065745,,
114,left,LCX,T1,leaky,False,0.767885433708371,9.0,7.0,0.8600378034717381,0.8058490405217325,0.8410129592999891,1.0964540690415805,True
114,left,LCX,T1,share,False,0.6401383656856272,4.0,3.0,0.8036859053932551,0.6489232859659515,0.8346426676130775,1.0964540690415805,True
114,left,LCX,T1,leaf3,False,0.6259876778687063,4.0,3.0,0.7331728360304512,0.6637486372752118,0.7693133686838455,1.0964540690415805,True
114,left,LCX,T1,apport,False,0.6098495838999594,4.0,3.0,0.7383910874794716,0.6438947121396389,0.7779315449570624,1.0964540690415805,True
114,left,LCX,T4,leaky,False,0.767885433708371,9.0,8.0,0.7696070923986246,0.8072303609747444,0.9968912543428227,,
114,left,LCX,T4,share,False,0.6401383656856272,4.0,3.0,0.6476819411373584,0.6397803612792373,0.6299141367581472,,
114,left,LCX,T4,leaf3,False,0.6259876778687063,4.0,3.0,0.635942285479517,0.6648245465922423,0.7376379676134548,,
114,left,LCX,T4,apport,False,0.6098495838999594,4.0,3.0,0.6202002357756888,0.6437058035104519,0.7194809170100839,,
125,left,LAD,T1,leaky,False,0.7768292378547677,5.0,4.0,0.8526651955275487,0.8281782601237501,0.8387957580741051,0.910614721656695,True
125,left,LAD,T1,share,False,0.43609734091134766,5.0,4.0,0.6392682575873466,0.533237941368029,0.5707766968418757,0.910614721656695,True
125,left,LAD,T1,leaf3,False,0.5053448374921732,5.0,4.0,0.7425524966163666,0.6906244491545951,0.7726954986329798,0.910614721656695,True
125,left,LAD,T1,apport,False,0.4548692155274975,5.0,4.0,0.6913872172159934,0.5788927591777275,0.6510076291636295,0.910614721656695,True
125,left,LAD,T4,leaky,False,0.7768292378547677,5.0,5.0,0.7765013706991335,0.8326412010488486,0.9968556140680345,,
125,left,LAD,T4,share,False,0.43609734091134766,5.0,5.0,0.4894604079577424,0.3968500726264557,0.3887152346652144,,
125,left,LAD,T4,leaf3,False,0.5053448374921732,5.0,5.0,0.5433630819810066,0.48036650919588597,0.47746283700114783,,
125,left,LAD,T4,apport,False,0.4548692155274975,5.0,5.0,0.5000286459229443,0.43247375604559174,0.43402563941503225,,
125,left,LCX,T1,leaky,False,0.7630269671008635,5.0,3.0,0.9281328387084957,0.8164966000010075,0.8381384359604398,1.3048237230318025,True
125,left,LCX,T1,share,False,0.5327813202827323,5.0,3.0,0.8300830245192811,0.50293822786839,0.8690196698831382,1.3048237230318025,True
125,left,LCX,T1,leaf3,False,0.4540014848320663,5.0,3.0,0.7373985535897868,0.5861227404378292,0.8222387381737056,1.3048237230318025,True
125,left,LCX,T1,apport,False,0.5024943738386045,5.0,3.0,0.7974880305304561,0.5361112906423415,0.8414444690983055,1.3048237230318025,True
125,left,LCX,T4,leaky,False,0.7630269671008635,5.0,5.0,0.7488705872023137,0.795885164951481,0.9969499633470545,,
125,left,LCX,T4,share,True,,,,,,,,
125,left,LCX,T4,leaf3,True,,,,,,,,
125,left,LCX,T4,apport,True,,,,,,,,
125,right,RCA,T1,leaky,False,0.7948368540079488,3.0,2.0,0.8464210088642057,0.7951691355819971,0.8651808647124462,1.013214029499143,False
125,right,RCA,T1,share,False,0.794708088873411,3.0,2.0,0.8834739499808472,0.7953265411174514,0.9060992408032177,1.013214029499143,False
125,right,RCA,T1,leaf3,False,0.7947454024566502,3.0,2.0,0.8702966967763156,0.795404103403337,0.8918258446525305,1.013214029499143,False
125,right,RCA,T1,apport,False,0.7947635796932091,3.0,2.0,0.8894355155437932,0.7953225776612656,0.9050193160430333,1.013214029499143,False
125,right,RCA,T4,leaky,False,0.7948368540079488,3.0,3.0,0.7971915922497387,0.8144807295855573,0.9968345193835367,,
125,right,RCA,T4,share,False,0.794708088873411,3.0,3.0,0.8028970752101892,0.8036499012716313,0.9964530735552953,,
125,right,RCA,T4,leaf3,False,0.7947454024566502,3.0,3.0,0.8020694514400964,0.802899496049694,0.9964717341964107,,
125,right,RCA,T4,apport,False,0.7947635796932091,3.0,3.0,0.8036338967015471,0.8036220689749619,0.9964495045483839,,
129,left,LAD,T1,leaky,False,0.913856009439371,6.0,5.0,0.9342365334857746,0.9285298551165271,0.9333853217373334,0.8472218468085806,False
129,left,LAD,T1,share,False,0.8869021457621717,6.0,5.0,0.9400661412491084,0.8933431882680837,0.9114149291876151,0.8472218468085806,False
129,left,LAD,T1,leaf3,False,0.888780376904229,6.0,5.0,0.9565587193475388,0.9449054623223908,0.9576692812245909,0.8472218468085806,False
129,left,LAD,T1,apport,False,0.8548615613521751,6.0,5.0,0.9367865382430659,0.890076884112907,0.9177725212571943,0.8472218468085806,False
129,left,LAD,T4,leaky,False,0.913856009439371,6.0,6.0,0.909559572739816,0.9058136816768253,0.9985579146087196,,
129,left,LAD,T4,share,False,0.8869021457621717,6.0,5.0,0.8883729420191978,0.882652500013151,0.8800416860377901,,
129,left,LAD,T4,leaf3,False,0.888780376904229,6.0,5.0,0.888619641734283,0.9401280352288872,0.9523943204057429,,
129,left,LAD,T4,apport,False,0.8548615613521751,6.0,5.0,0.8584192698556072,0.8717738638713776,0.8830600258775605,,
129,left,LCX,T1,leaky,False,0.9321657030103543,6.0,5.0,0.9597818510082856,0.9318884454475782,0.9318190857763339,0.9520548943604674,True
129,left,LCX,T1,share,False,0.8196664421796526,6.0,5.0,0.941725029782426,0.7939446671547926,0.9049655610226571,0.9520548943604674,True
129,left,LCX,T1,leaf3,False,0.8561077704653565,6.0,5.0,0.9308152404876413,0.9131716923906843,0.9326239166506619,0.9520548943604674,True
129,left,LCX,T1,apport,False,0.8638971358791582,6.0,5.0,0.9417139415336598,0.848663592749649,0.9046847584945876,0.9520548943604674,True
129,left,LCX,T4,leaky,False,0.9321657030103543,6.0,6.0,0.9275905073433841,0.9335867986785509,0.9987708570388825,,
129,left,LCX,T4,share,True,,,,,,,,
129,left,LCX,T4,leaf3,True,,,,,,,,
129,left,LCX,T4,apport,True,,,,,,,,
129,right,RCA,T1,leaky,False,0.7866353863386275,2.0,1.0,0.8201093322621797,0.7863330477376982,0.22668426985492832,0.8055128864186774,False
129,right,RCA,T1,share,False,0.7997337416496539,2.0,1.0,0.899367718472129,0.8307603372055332,0.9186907689501981,0.8055128864186774,False
129,right,RCA,T1,leaf3,False,0.7942659228305958,2.0,1.0,0.9239453693560207,0.8307603372055332,0.9419937406259019,0.8055128864186774,False
129,right,RCA,T1,apport,False,0.7959945508495343,2.0,1.0,0.9149910107399244,0.8307603372055332,0.9338683181618666,0.8055128864186774,False
129,right,RCA,T4,leaky,False,0.7866353863386275,2.0,2.0,0.79592083615639,0.8301403667023783,0.9979122777364292,,
129,right,RCA,T4,share,False,0.7997337416496539,2.0,1.0,0.8406724970158681,0.850496781919627,0.9972920170339671,,
129,right,RCA,T4,leaf3,False,0.7942659228305958,2.0,1.0,0.8302706319607039,0.850496781919627,0.9972920170339671,,
129,right,RCA,T4,apport,False,0.7959945508495343,2.0,1.0,0.8334437005125112,0.850496781919627,0.9972920170339671,,
138,left,LAD,T1,leaky,False,0.9313555088021553,5.0,4.0,0.9475971864302959,0.9311662626482636,0.9310997645676049,0.7692178122133988,True
138,left,LAD,T1,share,False,0.8841255574263339,5.0,4.0,0.925077346315491,0.8890184119870473,0.9031859833402593,0.7692178122133988,True
138,left,LAD,T1,leaf3,False,0.909565574933203,5.0,4.0,0.9542614266180199,0.9407732564891673,0.9550144092444928,0.7692178122133988,True
138,left,LAD,T1,apport,False,0.9127863112313057,5.0,4.0,0.9486620775421049,0.9171738715928124,0.9310013369940433,0.7692178122133988,True
138,left,LAD,T4,leaky,False,0.9313555088021553,5.0,5.0,0.9300465297912761,0.951942328967029,0.9990090346045523,,
138,left,LAD,T4,share,False,0.8841255574263339,5.0,4.0,0.8902791764924706,0.8780389359995112,0.8770828231445356,,
138,left,LAD,T4,leaf3,False,0.909565574933203,5.0,4.0,0.9111469459033977,0.9577088071822342,0.971473953443829,,
138,left,LAD,T4,apport,False,0.9127863112313057,5.0,4.0,0.9149021009984403,0.9078112728543352,0.9073573517391185,,
138,right,RCA,T4,leaky,False,0.81758698059706,2.0,2.0,0.8197476800554732,0.8272274313081209,0.9972426716874293,,
138,right,RCA,T4,share,False,0.789353821053792,1.0,1.0,0.824285560840066,0.7818508105393557,0.9959991973875837,,
138,right,RCA,T4,leaf3,False,0.789353821053792,1.0,1.0,0.824285560840066,0.7818508105393557,0.9959991973875837,,
138,right,RCA,T4,apport,False,0.7893538210535663,1.0,1.0,0.824285560840066,0.7818508105393557,0.9959991973875837,,
139,right,RCA,T1,leaky,False,0.8425328425851327,2.0,1.0,0.9249904170160225,0.8413012211682114,0.8941242023205044,0.8689349645416757,False
139,right,RCA,T1,share,False,0.8411727206026881,2.0,1.0,0.9270527631333048,0.8408939964527872,0.9381847521616535,0.8689349645416757,False
139,right,RCA,T1,leaf3,False,0.8412827837974403,2.0,1.0,0.9292914796299852,0.8408939964527872,0.9402760265031901,0.8689349645416757,False
139,right,RCA,T1,apport,False,0.8411772518156387,2.0,1.0,0.9271474689605687,0.8408939964527872,0.9382735666299632,0.8689349645416757,False
139,right,RCA,T4,leaky,False,0.8425328425851327,2.0,2.0,0.8473476761638212,0.8650610465595356,0.9969784697922907,,
139,right,RCA,T4,share,False,0.8411727206026881,2.0,1.0,0.8465456024728312,0.8476468574751866,0.9966093595423656,,
139,right,RCA,T4,leaf3,False,0.8412827837974403,2.0,1.0,0.8467097724239757,0.8476468574749263,0.9966093595423656,,
139,right,RCA,T4,apport,False,0.8411772518156387,2.0,1.0,0.846552242077935,0.8476468574751866,0.9966093595423656,,
148,right,RCA,T1,leaky,False,0.8259186220755859,2.0,1.0,0.8740584914824231,0.8298731027987719,0.879700961876061,0.777300993937829,False
148,right,RCA,T1,share,False,0.812054369407577,2.0,1.0,0.8949023411236435,0.81994705244953,0.9134162136388354,0.777300993937829,False
148,right,RCA,T1,leaf3,False,0.8111992116793607,2.0,1.0,0.9165904158710737,0.81994705244953,0.9342296105168093,0.777300993937829,False
148,right,RCA,T1,apport,False,0.8116361260356214,2.0,1.0,0.9037005783140253,0.8199470524493695,0.9221207977306133,0.777300993937829,False
148,right,RCA,T4,leaky,False,0.8259186220755859,2.0,2.0,0.8309978634107813,0.8576136819893994,0.9971805503559019,,
148,right,RCA,T4,share,False,0.812054369407577,2.0,1.0,0.8305441786546168,0.8302522967779113,0.9964425598301516,,
148,right,RCA,T4,leaf3,False,0.8111992116793607,2.0,1.0,0.8285448525037244,0.8302522967778968,0.9964425598301516,,
148,right,RCA,T4,apport,False,0.8116361260356214,2.0,1.0,0.8295805469689318,0.8302522967778968,0.9964425598301516,,
151,left,LAD,T1,leaky,False,0.8293376254498926,7.0,6.0,0.8524170707988817,0.8458870160938056,0.8534160698412078,0.8879073820943026,False
151,left,LAD,T1,share,False,0.773951119264023,7.0,6.0,0.8709125419233719,0.8140334801778516,0.83015413766674,0.8879073820943026,False
151,left,LAD,T1,leaf3,False,0.8119006551192554,7.0,6.0,0.911996505910316,0.893355328213307,0.9148555513789038,0.8879073820943026,False
151,left,LAD,T1,apport,False,0.7662855458931297,7.0,6.0,0.8833924675670259,0.834809569518118,0.8619156854341031,0.8879073820943026,False
151,left,LAD,T4,leaky,False,0.8293376254498926,7.0,7.0,0.829293778624307,0.8643381933974618,0.9937250336038745,,
151,left,LAD,T4,share,False,0.773951119264023,7.0,7.0,0.8177527534757809,0.7759507234775046,0.7831085052849595,,
151,left,LAD,T4,leaf3,False,0.8119006551192554,7.0,7.0,0.8399371302941316,0.8450695622291248,0.8601910538358879,,
151,left,LAD,T4,apport,False,0.7662855458931297,7.0,7.0,0.8071630410863139,0.7797966635651442,0.7924572189069029,,
151,left,LCX,T1,leaky,False,0.7809693641525114,7.0,6.0,0.826682189273533,0.7905623675561418,0.7970236531415398,1.0464090073116163,False
151,left,LCX,T1,share,False,0.6335577642606901,7.0,6.0,0.751743529515584,0.640732859064479,0.7332851646689695,1.0464090073116163,False
151,left,LCX,T1,leaf3,False,0.6253682296561007,7.0,6.0,0.7126119602698302,0.6707853713097944,0.7363833143091453,1.0464090073116163,False
151,left,LCX,T1,apport,False,0.6458456676376916,7.0,6.0,0.7445297563967478,0.6716467377119479,0.7422345800889513,1.0464090073116163,False
151,left,LCX,T4,leaky,False,0.7809693641525114,7.0,7.0,0.7821925639754674,0.8414724131788844,0.9982642180448825,,
151,left,LCX,T4,share,False,0.6335577642606901,7.0,6.0,0.6708801243270333,0.6187471622769054,0.5971436376437694,,
151,left,LCX,T4,leaf3,False,0.6253682296561007,7.0,6.0,0.6628459843945822,0.6672343951505628,0.7047753124582813,,
151,left,LCX,T4,apport,False,0.6458456676376916,7.0,6.0,0.6803882650442695,0.6852721619971377,0.7178111756296294,,
151,right,RCA,T4,leaky,False,0.7660256165017206,2.0,2.0,0.7729321883301374,0.8444327301716954,0.9982470930985093,,
151,right,RCA,T4,share,False,0.717308586321663,1.0,1.0,0.8052543299511196,0.8103887133665805,0.9969214055042586,,
151,right,RCA,T4,leaf3,False,0.717308586321663,1.0,1.0,0.8052543299511196,0.8103887133665805,0.9969214055042586,,
151,right,RCA,T4,apport,False,0.717308586321663,1.0,1.0,0.8052543299511196,0.8103887133665805,0.9969214055042586,,
175,right,RCA,T4,leaky,False,0.8326400274437303,2.0,2.0,0.834547534190969,0.88746794472541,0.9974930350905673,,
175,right,RCA,T4,share,False,0.7974366911693103,1.0,1.0,0.8141533554141059,0.8564645506114191,0.9968679481691042,,
175,right,RCA,T4,leaf3,False,0.7974366911689115,1.0,1.0,0.8141533554141059,0.8564645506114191,0.9968679481691042,,
175,right,RCA,T4,apport,False,0.7974366911693103,1.0,1.0,0.8141533554141059,0.8564645506114191,0.9968679481691042,,
196,left,LCX,T1,leaky,False,0.8696457284875333,3.0,2.0,0.9144548544451421,0.8691357166763879,0.9210192580409935,0.8269898191538665,True
196,left,LCX,T1,share,False,0.8690395225541729,3.0,2.0,0.9165484201273464,0.8682916602847598,0.9231485456836676,0.8269898191538665,True
196,left,LCX,T1,leaf3,False,0.869125519553437,3.0,2.0,0.9213062787613121,0.86829460849722,0.9280489961921331,0.8269898191538665,True
196,left,LCX,T1,apport,False,0.8689975307644691,3.0,2.0,0.9141063714398423,0.8682927936943994,0.9206012668928315,0.8269898191538665,True
196,left,LCX,T4,leaky,False,0.8696457284875333,3.0,3.0,0.868035139783532,0.8609512868405017,0.9973847195072807,,
196,left,LCX,T4,share,False,0.8690395225541729,3.0,1.0,0.8667982943991386,0.8386820207754029,0.9969055933020583,,
196,left,LCX,T4,leaf3,False,0.869125519553437,3.0,1.0,0.8668689719012689,0.8386820207754029,0.9969055933020583,,
196,left,LCX,T4,apport,False,0.8689975307644691,3.0,1.0,0.866765947692717,0.8386820207754029,0.9969055933020583,,
211,left,LAD,T4,leaky,False,0.9096701935211238,5.0,5.0,0.9091291025364766,0.927470453331443,0.9981753302514822,,
211,left,LAD,T4,share,False,0.7067426627426057,2.0,2.0,0.7333263378017362,0.6982437634393724,0.7018648200229441,,
211,left,LAD,T4,leaf3,False,0.7639501669333454,2.0,2.0,0.7803090957937042,0.7373865490133168,0.7118291287041252,,
211,left,LAD,T4,apport,False,0.7224483643889044,2.0,2.0,0.7460686199779263,0.7116261521395032,0.7096878911787807,,
211,right,RCA,T4,leaky,False,0.8308388370847162,2.0,2.0,0.8388377857494818,0.875309880928908,0.7306256766401016,,
211,right,RCA,T4,share,False,0.8195187196921275,1.0,1.0,0.840372864843758,0.8586131548917576,0.9971426776071092,,
211,right,RCA,T4,leaf3,False,0.8195187196924457,1.0,1.0,0.840372864843758,0.8586131548917525,0.9971426776071092,,
211,right,RCA,T4,apport,False,0.8195187196924457,1.0,1.0,0.840372864843758,0.8586131548917576,0.9971426776071092,,
218,left,LAD,T4,leaky,False,0.9386237157414662,6.0,6.0,0.9331691504402788,0.9315229646488916,0.9283530446844305,,
218,left,LAD,T4,share,False,0.8579009399377018,4.0,4.0,0.8536863316092672,0.8496963181683993,0.8490198049998038,,
218,left,LAD,T4,leaf3,False,0.902796124701423,4.0,4.0,0.8970728060370565,0.8952789988826595,0.8951707804578645,,
218,left,LAD,T4,apport,False,0.8631047228793263,4.0,4.0,0.8584910570285545,0.8549590805884896,0.8544224780735028,,
218,left,LCX,T1,leaky,False,0.9362750228364828,6.0,4.0,0.9855537720019121,0.9627248430458536,0.9719422500773818,1.0662021996464213,True
218,left,LCX,T1,share,False,0.9472331278065901,4.0,3.0,0.9828844545405431,0.9475496901515998,0.9772106065387666,1.0662021996464213,True
218,left,LCX,T1,leaf3,False,0.9164478352924013,4.0,3.0,0.9652665155008808,0.9495734793687172,0.9662018109565483,1.0662021996464213,True
218,left,LCX,T1,apport,False,0.9480448872193618,4.0,3.0,0.9831086184167153,0.9614642576874936,0.978584519778609,1.0662021996464213,True
218,left,LCX,T4,leaky,False,0.9362750228364828,6.0,6.0,0.9318603115250725,0.9484130085250427,0.9988619049796116,,
218,left,LCX,T4,share,False,0.9472331278065901,4.0,4.0,0.9433608103414906,0.9332608667797362,0.9255266554449983,,
218,left,LCX,T4,leaf3,False,0.9164478352924013,4.0,4.0,0.9112998702506381,0.9113453538606479,0.9110736462601186,,
218,left,LCX,T4,apport,False,0.9480448872193618,4.0,4.0,0.9442144514756621,0.949141233583997,0.9514575134861438,,
218,right,RCA,T4,leaky,False,0.8191121497533127,2.0,2.0,0.8215800758643592,0.8292669904040887,0.9973465183228999,,
218,right,RCA,T4,share,False,0.7947208409098857,1.0,1.0,0.8245549943117748,0.7801228266822412,0.9962157176200757,,
218,right,RCA,T4,leaf3,False,0.7947208409098857,1.0,1.0,0.8245549943117748,0.7801228266820412,0.9962157176200757,,
218,right,RCA,T4,apport,False,0.7947208409103339,1.0,1.0,0.8245549943117748,0.7801228266822412,0.9962157176200757,,
244,left,LAD,T4,leaky,False,0.8144980637893514,4.0,4.0,0.8095387184580984,0.8279141100692575,0.9974743546295698,,
244,left,LAD,T4,share,True,,,,,,,,
244,left,LAD,T4,leaf3,True,,,,,,,,
244,left,LAD,T4,apport,True,,,,,,,,
244,right,RCA,T1,leaky,False,0.7775626860061204,2.0,1.0,0.8239363956761621,0.7842152994134751,0.8455505712414366,0.9727411215144125,False
244,right,RCA,T1,share,False,0.7574482286312388,2.0,1.0,0.8528863454772299,0.7769880794233782,0.8841944137073611,0.9727411215144125,False
244,right,RCA,T1,leaf3,False,0.7517702635287121,2.0,1.0,0.9013182067917868,0.7769880794233782,0.9310542437365761,0.9727411215144125,False
244,right,RCA,T1,apport,False,0.7542318462956524,2.0,1.0,0.8762087920198002,0.7769880794233782,0.9082955137498778,0.9727411215144125,False
244,right,RCA,T4,leaky,False,0.7775626860061204,2.0,2.0,0.7803926809728974,0.8134880085249692,0.9969738935547837,,
244,right,RCA,T4,share,False,0.7574482286312388,2.0,2.0,0.795042053006777,0.779389664994921,0.9968954553594856,,
244,right,RCA,T4,leaf3,False,0.7517702635287121,2.0,2.0,0.781144424459242,0.7746963379567723,0.9969498910556128,,
244,right,RCA,T4,apport,False,0.7542318462956524,2.0,2.0,0.7869904717309435,0.7762149812031152,0.9969316781044653,,
251,right,RCA,T4,leaky,False,0.8389813664886684,2.0,2.0,0.8411691639883397,0.8639223787424501,0.9972965619478624,,
251,right,RCA,T4,share,False,0.8268896001027247,1.0,1.0,0.8277704365499522,0.8306983429601967,0.8229779232443862,,
251,right,RCA,T4,leaf3,False,0.8268896001030367,1.0,1.0,0.8277704365499522,0.8306983429601967,0.8229779232450499,,
251,right,RCA,T4,apport,False,0.8268896001027247,1.0,1.0,0.8277704365499522,0.8306983429603687,0.822977923244984,,
252,left,LAD,T4,leaky,False,0.9255302052840222,5.0,5.0,0.9220415892092815,0.9355291513326193,0.998654110913508,,
252,left,LAD,T4,share,False,0.8789874746380414,3.0,3.0,0.8833750295772665,0.8680738317622975,0.8679437424315397,,
252,left,LAD,T4,leaf3,False,0.8707617797148581,3.0,3.0,0.8763739999990903,0.8545095299658715,0.8520570516463375,,
252,left,LAD,T4,apport,False,0.8790624654010815,3.0,3.0,0.8834383758670906,0.8681573921904073,0.8680285906447396,,
252,right,RCA,T4,leaky,False,0.8160498724687255,2.0,2.0,0.8193510137868674,0.8317773604264078,0.9975095660841183,,
252,right,RCA,T4,share,False,0.8166860981835574,1.0,1.0,0.8655003765363107,0.7898919544192649,0.9950620121973788,,
252,right,RCA,T4,leaf3,False,0.8166860981835574,1.0,1.0,0.8655003765363107,0.7898919544192649,0.9950620121973788,,
252,right,RCA,T4,apport,False,0.8166860981835574,1.0,1.0,0.8655003765366356,0.7898919544192649,0.9950620121973788,,
265,right,RCA,T4,leaky,False,0.8274960482830804,2.0,1.0,0.8286999759485751,0.8652946344760887,0.667340901543998,,
265,right,RCA,T4,share,False,0.8025566321064188,1.0,1.0,0.8052722928042869,0.8281372324395407,0.9959717342802867,,
265,right,RCA,T4,leaf3,False,0.8025566321064188,1.0,1.0,0.8052722928042869,0.8281372324395407,0.9959717342802867,,
265,right,RCA,T4,apport,False,0.8025566321064188,1.0,1.0,0.8052722928042869,0.8281372324399126,0.9959717342802867,,
271,left,LAD,T4,leaky,False,0.9632356877085727,7.0,7.0,0.9576414812713611,0.9620878367496711,0.9990579441690253,,
271,left,LAD,T4,share,True,,,,,,,,
271,left,LAD,T4,leaf3,True,,,,,,,,
271,left,LAD,T4,apport,True,,,,,,,,
272,left,LAD,T4,leaky,False,0.8807196622539579,6.0,6.0,0.8700475932116739,0.8676441750701153,0.9965645016646414,,
272,left,LAD,T4,share,False,0.4196897564886118,3.0,3.0,0.47648866558209163,0.3910038479324785,0.3801528040413736,,
272,left,LAD,T4,leaf3,False,0.5769608049465327,3.0,3.0,0.6012591625262601,0.547206570386776,0.542715685347603,,
272,left,LAD,T4,apport,False,0.462176900331367,3.0,3.0,0.5095566555351183,0.4324561882486103,0.4237829725841507,,
272,right,RCA,T1,leaky,False,0.789015916688185,4.0,3.0,0.8394174025448767,0.7894128250953315,0.8328807498629297,0.967758924843296,False
272,right,RCA,T1,share,False,0.7862910096649268,3.0,2.0,0.843705730808949,0.7872278127541723,0.8642536185153897,0.967758924843296,False
272,right,RCA,T1,leaf3,False,0.7934340743423789,3.0,2.0,0.8758039282519936,0.7993272644129857,0.8973871442896555,0.967758924843296,False
272,right,RCA,T1,apport,False,0.7877652950968002,3.0,2.0,0.8483494308038506,0.790710374639901,0.8721311573783234,0.967758924843296,False
272,right,RCA,T4,leaky,False,0.789015916688185,4.0,3.0,0.7958751014238636,0.8065129591589735,0.9978530109989084,,
272,right,RCA,T4,share,False,0.7862910096649268,3.0,3.0,0.8070373960979725,0.7797520626493886,0.9973971919441381,,
272,right,RCA,T4,leaf3,False,0.7934340743423789,3.0,3.0,0.8161029395742625,0.7841895643839845,0.9974085729462965,,
272,right,RCA,T4,apport,False,0.7877652950968002,3.0,3.0,0.8084345791365718,0.7815583956109505,0.9974033130392362,,
273,left,LAD,T1,leaky,False,0.8653112606511734,7.0,6.0,0.9198112861385255,0.864329334025744,0.8639690578122128,0.9050415709408967,True
273,left,LAD,T1,share,False,0.8664971237615148,6.0,5.0,0.9312606140458658,0.8804250547373091,0.8989002713887587,0.9050415709408967,True
273,left,LAD,T1,leaf3,False,0.8754837954568288,6.0,5.0,0.9493574859920121,0.9383584318481581,0.950522366505551,0.9050415709408967,True
273,left,LAD,T1,apport,False,0.8703294682217222,6.0,5.0,0.935160385068973,0.8837692756878524,0.9031129214466627,0.9050415709408967,True
273,left,LAD,T4,leaky,False,0.8653112606511734,7.0,7.0,0.8651115797468398,0.8951005885244985,0.9982166006423698,,
273,left,LAD,T4,share,False,0.8664971237615148,6.0,6.0,0.8753756703417542,0.8361639696823525,0.823074999400894,,
273,left,LAD,T4,leaf3,False,0.8754837954568288,6.0,6.0,0.8815076254114936,0.8705167248806631,0.8701418154538598,,
273,left,LAD,T4,apport,False,0.8703294682217222,6.0,6.0,0.8783644734180888,0.8405989337227736,0.8276894951702966,,
273,left,LCX,T1,leaky,False,0.8651356850239946,7.0,5.0,0.9558966902491902,0.8638873009476453,0.8632114552758274,1.1437860392448558,False
273,left,LCX,T1,share,False,0.8343307179652405,6.0,4.0,0.9591714765811568,0.855549407978923,0.9382934374742748,1.1437860392448558,False
273,left,LCX,T1,leaf3,False,0.7820385829062722,6.0,4.0,0.919954009951009,0.8772581773658383,0.9251110619448936,1.1437860392448558,False
273,left,LCX,T1,apport,False,0.8249757079876661,6.0,4.0,0.9513331335194517,0.8536968460788908,0.9260968835240008,1.1437860392448558,False
273,left,LCX,T4,leaky,False,0.8651356850239946,7.0,7.0,0.8666789606857699,0.8836800124071944,0.9982251413243026,,
273,left,LCX,T4,share,False,0.8343307179652405,6.0,5.0,0.8395383527938013,0.8313137024912686,0.8255003545772281,,
273,left,LCX,T4,leaf3,False,0.7820385829062722,6.0,5.0,0.7937925581596089,0.8513943910749446,0.8891498747612586,,
273,left,LCX,T4,apport,False,0.8249757079876661,6.0,5.0,0.8311982650210231,0.826358355197045,0.8267611768495111,,
274,left,LAD,T4,leaky,False,0.9544511780151119,6.0,6.0,0.9525021720463247,0.9535352712616388,0.99908979507484,,
274,left,LAD,T4,share,False,0.9340813518116404,4.0,4.0,0.937965474854734,0.935072259670645,0.934885053084013,,
274,left,LAD,T4,leaf3,False,0.9704339817950547,4.0,4.0,0.9697218186821999,0.9689885500533415,0.9689118049630915,,
274,left,LAD,T4,apport,False,0.929393164226259,4.0,4.0,0.9341433177224858,0.9308579080073481,0.930621646021939,,
280,left,LAD,T4,leaky,False,0.9434801766663983,6.0,6.0,0.9355675739425868,0.9423421471824617,0.9986199475777252,,
280,left,LAD,T4,share,False,0.9033812383978685,6.0,6.0,0.8900249716144818,0.8918618850797715,0.8962968465852078,,
280,left,LAD,T4,leaf3,False,0.9116037003922932,6.0,6.0,0.9008563611865629,0.9002998351561368,0.9002919696924486,,
280,left,LAD,T4,apport,False,0.8904966121220784,6.0,6.0,0.8773514216313061,0.8805633572131311,0.8836861320346184,,
280,right,RCA,T1,leaky,False,0.8120725234609889,2.0,1.0,0.8734556600950352,0.813491574287496,0.8352108725447043,0.904957144953016,False
280,right,RCA,T1,share,False,0.7967181033840239,2.0,1.0,0.906411021126849,0.8173316829625489,0.9271081378587767,0.904957144953016,False
280,right,RCA,T1,leaf3,False,0.7959340541472057,2.0,1.0,0.9146686437658359,0.8173316829625489,0.9347041726218612,0.904957144953016,False
280,right,RCA,T1,apport,False,0.7963513085205913,2.0,1.0,0.9100804063730888,0.8173316829625489,0.9305229758134483,0.904957144953016,False
280,right,RCA,T4,leaky,False,0.8120725234609889,2.0,2.0,0.8167816333621395,0.8540311935046021,0.9977759082494339,,
280,right,RCA,T4,share,False,0.7967181033840239,2.0,2.0,0.8202423601960513,0.8260894311470823,0.9971842964701989,,
280,right,RCA,T4,leaf3,False,0.7959340541472057,2.0,2.0,0.8192089910459048,0.8251050158972039,0.9971856755746739,,
280,right,RCA,T4,apport,False,0.7963513085205913,2.0,2.0,0.8197421555693591,0.8254861110245245,0.9971852128152046,,
284,left,LAD,T4,leaky,False,0.9549796146099128,6.0,6.0,0.9517263481805774,0.9582848042763259,0.9587124401625183,,
284,left,LAD,T4,share,True,,,,,,,,
284,left,LAD,T4,leaf3,True,,,,,,,,
284,left,LAD,T4,apport,True,,,,,,,,
284,right,RCA,T1,leaky,False,0.8046661370532198,3.0,2.0,0.8421353212807624,0.8123020204752284,0.8583332445055258,0.7867472281760389,False
284,right,RCA,T1,share,False,0.757745736632928,2.0,1.0,0.8722276897340866,0.7575696199243825,0.9095830639274595,0.7867472281760389,False
284,right,RCA,T1,leaf3,False,0.7577804759384745,2.0,1.0,0.8833002332137592,0.7575696199243825,0.9196207973219745,0.7867472281760389,False
284,right,RCA,T1,apport,False,0.7577689891623589,2.0,1.0,0.879740847530235,0.7575696199243825,0.9164580312210396,0.7867472281760389,False
284,right,RCA,T4,leaky,False,0.8046661370532198,3.0,3.0,0.8056833503016202,0.804546130955121,0.9968470729616539,,
284,right,RCA,T4,share,False,0.757745736632928,2.0,1.0,0.7837086801596855,0.7326994675536819,0.9950910219527145,,
284,right,RCA,T4,leaf3,False,0.7577804759384745,2.0,1.0,0.7838815990578726,0.732699467553745,0.9950910219527145,,
284,right,RCA,T4,apport,False,0.7577689891623589,2.0,1.0,0.7838227730583307,0.7326994675536819,0.9950910219527145,,
300,right,RCA,T4,leaky,False,0.8247558557341008,2.0,1.0,0.82594748764506,0.8689526718931803,0.9975803869096986,,
300,right,RCA,T4,share,False,0.7939597345809052,1.0,1.0,0.8002384976224912,0.8310170573518514,0.7931065717538897,,
300,right,RCA,T4,leaf3,False,0.7939597345812416,1.0,1.0,0.8002384976224912,0.8310170573518514,0.7931065754977241,,
300,right,RCA,T4,apport,False,0.7939597345812416,1.0,1.0,0.8002384976224912,0.8310170573512946,0.7931065717538994,,
306,left,LAD,T1,leaky,False,0.9502824395028969,6.0,5.0,0.9694906177179259,0.9611309346501297,0.9698332680604016,1.0645663033940767,True
306,left,LAD,T1,share,False,0.9632443237328742,6.0,5.0,0.9751286897949886,0.9607393599302805,0.9734272444979453,1.0645663033940767,True
306,left,LAD,T1,leaf3,False,0.9526353310718108,6.0,5.0,0.9710701577825399,0.9634408314367867,0.9713720575805775,1.0645663033940767,True
306,left,LAD,T1,apport,False,0.9485109712201151,6.0,5.0,0.9700042992722315,0.9587933571056586,0.9690090515838355,1.0645663033940767,True
306,left,LAD,T4,leaky,False,0.9502824395028969,6.0,6.0,0.9466831547475913,0.9572636602038902,0.9977773952782193,,
306,left,LAD,T4,share,False,0.9632443237328742,6.0,6.0,0.9607680954095053,0.9601889174483788,0.9589299677729419,,
306,left,LAD,T4,leaf3,False,0.9526353310718108,6.0,6.0,0.9492311483475712,0.9482975104999571,0.9479879710529016,,
306,left,LAD,T4,apport,False,0.9485109712201151,6.0,6.0,0.9450019232284063,0.9548710234115644,0.9617989484313502,,
306,left,LCX,T1,leaky,False,0.957824770327461,6.0,5.0,0.9862698886799824,0.9654309453508785,0.9684370248380983,1.1345083220060845,False
306,left,LCX,T1,share,False,0.9402336122934645,6.0,5.0,0.9847908322786478,0.9398719405521144,0.9747804347045552,1.1345083220060845,False
306,left,LCX,T1,leaf3,False,0.9567963817188817,6.0,5.0,0.9808140538954286,0.976204639135445,0.9809454917609133,1.1345083220060845,False
306,left,LCX,T1,apport,False,0.9547281054208332,6.0,5.0,0.9869039288701433,0.962136482193934,0.9790775591848677,1.1345083220060845,False
306,left,LCX,T4,leaky,False,0.957824770327461,6.0,6.0,0.9538199251530868,0.9625334925128396,0.999015565066992,,
306,left,LCX,T4,share,False,0.9402336122934645,6.0,6.0,0.9356098059017088,0.9339749601187424,0.9327782913699786,,
306,left,LCX,T4,leaf3,False,0.9567963817188817,6.0,6.0,0.9527115015622033,0.9532430721168555,0.9533207870591501,,
306,left,LCX,T4,apport,False,0.9547281054208332,6.0,6.0,0.9507442711187529,0.9509973428288111,0.9510701656250015,,
306,right,RCA,T4,leaky,False,0.7897649625115047,2.0,2.0,0.7846579245754258,0.7916922324140071,0.9960964583987295,,
306,right,RCA,T4,share,False,0.6522118938419498,1.0,1.0,0.6866823308433104,0.5962304352280297,0.9902677467469123,,
306,right,RCA,T4,leaf3,False,0.6522118938419498,1.0,1.0,0.6866823308433104,0.5962304352280297,0.9902677467469123,,
306,right,RCA,T4,apport,False,0.6522118938419498,1.0,1.0,0.6866823308433104,0.5962304352280297,0.9902677467469123,,
316,right,RCA,T1,leaky,False,0.793775058744837,4.0,3.0,0.8224620065660482,0.7974976499348743,0.834998939101243,0.7865659806919146,False
316,right,RCA,T1,share,False,0.7619676626557056,2.0,1.0,0.8342915230761512,0.7615837092125527,0.8615632151725731,0.7865659806919146,False
316,right,RCA,T1,leaf3,False,0.7621828046624931,2.0,1.0,0.847867541316803,0.7615837092125527,0.8766202899068398,0.7865659806919146,False
316,right,RCA,T1,apport,False,0.7620833912633196,2.0,1.0,0.8419232453232729,0.7615837092125527,0.8701436909528896,0.7865659806919146,False
316,right,RCA,T4,leaky,False,0.793775058744837,4.0,4.0,0.7948897410941053,0.8253677696171626,0.9974896288246249,,
316,right,RCA,T4,share,False,0.7619676626557056,2.0,1.0,0.7709049897207069,0.7728875888698197,0.8600197257508251,,
316,right,RCA,T4,leaf3,False,0.7621828046624931,2.0,1.0,0.7715955080241618,0.7728875888698197,0.8749658707140883,,
316,right,RCA,T4,apport,False,0.7620833912633196,2.0,1.0,0.7712610415185839,0.7728875888698197,0.8685339141395596,,
324,left,LAD,T1,leaky,False,0.8066614719440648,6.0,5.0,0.8640697538918283,0.8525872213649236,0.8689982422819503,0.8548586986728787,True
324,left,LAD,T1,share,False,0.6669093642406828,4.0,3.0,0.8158012675688296,0.7179742758441261,0.7686407134774199,0.8548586986728787,True
324,left,LAD,T1,leaf3,False,0.6319834410178492,4.0,3.0,0.8270455965405589,0.7736033197481174,0.8463644573361409,0.8548586986728787,True
324,left,LAD,T1,apport,False,0.6714127394150686,4.0,3.0,0.8373213733401108,0.7448656962370636,0.809851094540825,0.8548586986728787,True
324,left,LAD,T4,leaky,False,0.8066614719440648,6.0,6.0,0.8054152810711894,0.8403618421123823,0.9971327482575584,,
324,left,LAD,T4,share,False,0.6669093642406828,4.0,3.0,0.689249748382041,0.6789184384357192,0.6758576608359455,,
324,left,LAD,T4,leaf3,False,0.6319834410178492,4.0,3.0,0.6519683123179292,0.7484955617467859,0.8074396309827082,,
324,left,LAD,T4,apport,False,0.6714127394150686,4.0,3.0,0.6896116306704234,0.713016720268103,0.7300807371154684,,
324,left,LCX,T1,leaky,False,0.8413655685182719,6.0,5.0,0.9078522991404611,0.8967097519135327,0.909785089825766,0.9283636166107762,True
324,left,LCX,T1,share,False,0.6180881352723078,4.0,3.0,0.7553511294669462,0.6336262351586303,0.7086348214441262,0.9283636166107762,True
324,left,LCX,T1,leaf3,False,0.6487884301279804,4.0,3.0,0.8379888468701688,0.7699527796453935,0.8618678661905125,0.9283636166107762,True
324,left,LCX,T1,apport,False,0.6125223398444191,4.0,3.0,0.7860234633782309,0.6528514131373756,0.7638061774964915,0.9283636166107762,True
324,left,LCX,T4,leaky,False,0.8413655685182719,6.0,6.0,0.8395251905616258,0.8803838641432989,0.9880025482527249,,
324,left,LCX,T4,share,False,0.6180881352723078,4.0,4.0,0.6382262598573719,0.6156217832764348,0.6095953560495236,,
324,left,LCX,T4,leaf3,False,0.6487884301279804,4.0,4.0,0.6632942183878446,0.6489680203983882,0.6471579434307578,,
324,left,LCX,T4,apport,False,0.6125223398444191,4.0,4.0,0.6308042433182107,0.62801869912241,0.6434034524692573,,
324,right,RCA,T1,leaky,False,0.764653173928515,5.0,2.0,0.8206751568323525,0.7675518664001442,0.8110199279054651,0.8690319326135597,False
324,right,RCA,T1,share,False,0.7540607466109629,2.0,1.0,0.8628864913915198,0.7844213554054099,0.9045987853841513,0.8690319326135597,False
324,right,RCA,T1,leaf3,False,0.7489636456659826,2.0,1.0,0.8890083521355846,0.7844213554054099,0.9296105553262489,0.8690319326135597,False
324,right,RCA,T1,apport,False,0.7490937355414392,2.0,1.0,0.8882329199923763,0.7844213554054099,0.9289364955604958,0.8690319326135597,False
324,right,RCA,T4,leaky,False,0.764653173928515,5.0,5.0,0.7785281841314693,0.8815710140555404,0.998342265932254,,
324,right,RCA,T4,share,False,0.7540607466109629,2.0,2.0,0.8051693728570294,0.8743240580658767,0.9978912740285476,,
324,right,RCA,T4,leaf3,False,0.7489636456659826,2.0,2.0,0.7973782649981578,0.8735982750768753,0.9978970164375424,,
324,right,RCA,T4,apport,False,0.7490937355414392,2.0,2.0,0.7975707027414718,0.8729030142713358,0.9979023289818929,,
328,left,LAD,T1,leaky,False,0.958955155926233,5.0,4.0,0.9691593807196058,0.9633529167266416,0.9678862655860953,0.7860892684797222,True
328,left,LAD,T1,share,False,0.9544933784576562,4.0,3.0,0.967130187117346,0.9562964550296473,0.9614939033714619,0.7860892684797222,True
328,left,LAD,T1,leaf3,False,0.9618194206022931,4.0,3.0,0.9815375938082205,0.974893613159207,0.981706107979328,0.7860892684797222,True
328,left,LAD,T1,apport,False,0.9609137761294523,4.0,3.0,0.9712484056079198,0.9660682175716625,0.970572518064007,0.7860892684797222,True
328,left,LAD,T4,leaky,False,0.958955155926233,5.0,5.0,0.9573605046305289,0.9596135153718832,0.9990497983691762,,
328,left,LAD,T4,share,False,0.9544933784576562,4.0,3.0,0.9565455594497502,0.9490085163411276,0.9468541787399818,,
328,left,LAD,T4,leaf3,False,0.9618194206022931,4.0,3.0,0.961586553153103,0.9539556619940197,0.9472213088282456,,
328,left,LAD,T4,apport,False,0.9609137761294523,4.0,3.0,0.9621018565618051,0.9611112005924257,0.9646212682622833,,
328,right,RCA,T1,leaky,False,0.7912456231191586,4.0,3.0,0.830740968780954,0.7943055715025342,0.8495079451594643,0.9465523414970332,False
328,right,RCA,T1,share,False,0.7872072828871735,3.0,2.0,0.8558579586932009,0.7955411320534046,0.8807693747258891,0.9465523414970332,False
328,right,RCA,T1,leaf3,False,0.7859048729548338,3.0,2.0,0.8687255754838699,0.7933323424399875,0.8954599154666029,0.9465523414970332,False
328,right,RCA,T1,apport,False,0.7863936307261825,3.0,2.0,0.8590500590547342,0.7940175031974859,0.8847916776368582,0.9465523414970332,False
328,right,RCA,T4,leaky,False,0.7912456231191586,4.0,4.0,0.8009536668813597,0.7926357776238576,0.9973591421148754,,
328,right,RCA,T4,share,False,0.7872072828871735,3.0,3.0,0.8173149892975653,0.7709884407648985,0.9965384802590683,,
328,right,RCA,T4,leaf3,False,0.7859048729548338,3.0,3.0,0.8149746368363048,0.7722109991399942,0.9965477695776841,,
328,right,RCA,T4,apport,False,0.7863936307261825,3.0,3.0,0.8160313453618018,0.7712623674540457,0.9965408160285012,,
335,left,LAD,T4,leaky,False,0.7817146638478344,4.0,4.0,0.7794732863773342,0.8260542207678949,0.9972418982484615,,
335,left,LAD,T4,share,False,0.4539389203681945,4.0,4.0,0.5027606195161007,0.41495326482183753,0.41924032179861476,,
335,left,LAD,T4,leaf3,False,0.49250250552052316,4.0,4.0,0.5194134533203743,0.4699259523970954,0.4671427357066764,,
335,left,LAD,T4,apport,False,0.45343584278837284,4.0,4.0,0.4866844827778347,0.4332996709239806,0.4389175897001688,,
335,left,LCX,T1,leaky,False,0.8172278102636841,4.0,3.0,0.8930752904257654,0.8524292622243826,0.8681933966800058,1.1829509709343777,True
335,left,LCX,T1,share,False,0.7526690186304182,4.0,3.0,0.8783312423551963,0.8025349899234163,0.8489649267292724,1.1829509709343777,True
335,left,LCX,T1,leaf3,False,0.7052125739740986,4.0,3.0,0.8790040820243634,0.8298718378154355,0.8931364295317412,1.1829509709343777,True
335,left,LCX,T1,apport,False,0.7437999372565446,4.0,3.0,0.8836511252146951,0.8197676063232361,0.8714373159429396,1.1829509709343777,True
335,left,LCX,T4,leaky,False,0.8172278102636841,4.0,4.0,0.8172676327579286,0.8561292880940834,0.9980784229969367,,
335,left,LCX,T4,share,False,0.7526690186304182,4.0,4.0,0.7935482471211003,0.7560326197141714,0.7453909372000495,,
335,left,LCX,T4,leaf3,False,0.7052125739740986,4.0,4.0,0.7584259387318522,0.7272835339787465,0.729082912496156,,
335,left,LCX,T4,apport,False,0.7437999372565446,4.0,4.0,0.7863339433479142,0.7531783612682055,0.747119257747383,,
335,right,RCA,T1,leaky,False,0.7824263404152036,2.0,1.0,0.8080705916104153,0.7823292496249792,0.19598708572853749,0.7645764407247806,False
335,right,RCA,T1,share,False,0.7559396119200529,2.0,1.0,0.8874129045061941,0.7551931707250051,0.9235550418798484,0.7645764407247806,False
335,right,RCA,T1,leaf3,False,0.7559480792575183,2.0,1.0,0.890534444078633,0.7551931707250051,0.9262325489069129,0.7645764407247806,False
335,right,RCA,T1,apport,False,0.7559464691599671,2.0,1.0,0.8899310743635177,0.7551931707245715,0.9257183464714435,0.7645764407247806,False
335,right,RCA,T4,leaky,False,0.7824263404152036,2.0,2.0,0.787804022953003,0.8173091401409561,0.9978977731026192,,
335,right,RCA,T4,share,False,0.7559396119200529,2.0,1.0,0.8050786779991495,0.772605338771925,0.9966834883459804,,
335,right,RCA,T4,leaf3,False,0.7559480792575183,2.0,1.0,0.8050695847879797,0.772605338771925,0.9966834883459804,,
335,right,RCA,T4,apport,False,0.7559464691599671,2.0,1.0,0.8050712951894499,0.7726053387717733,0.9966834883459804,,
341,left,LAD,T4,leaky,False,0.7779982996532182,5.0,5.0,0.7749703204571943,0.7762748392557121,0.9981619427568557,,
341,left,LAD,T4,share,False,0.7763315075771219,5.0,5.0,0.7811826610227176,0.7732564773324331,0.7837774059475547,,
341,left,LAD,T4,leaf3,False,0.7359324411322091,5.0,5.0,0.7400258133501808,0.7297610944278194,0.7295795867261629,,
341,left,LAD,T4,apport,False,0.7472562389762546,5.0,5.0,0.753102835572888,0.7431004807506529,0.7487322732803874,,
341,right,RCA,T1,leaky,False,0.775137070076072,3.0,2.0,0.8371279256359103,0.7746720155219642,0.18987913417830987,1.0463585484473577,False
341,right,RCA,T1,share,False,0.7559125148072475,2.0,1.0,0.8730725600177492,0.7571301386836136,0.905024582959723,1.0463585484473577,False
341,right,RCA,T1,leaf3,False,0.7568435767775644,2.0,1.0,0.8904484152217305,0.7571301386845368,0.9207247116419641,1.0463585484473577,False
341,right,RCA,T1,apport,False,0.756297452991115,2.0,1.0,0.8810536653164468,0.7571301386845368,0.9123877664519955,1.0463585484473577,False
341,right,RCA,T4,leaky,False,0.775137070076072,3.0,3.0,0.7794843075223201,0.7978454392055516,0.9978484619638773,,
341,right,RCA,T4,share,False,0.7559125148072475,2.0,2.0,0.7873999578922642,0.7573895575648801,0.9970402097422724,,
341,right,RCA,T4,leaf3,False,0.7568435767775644,2.0,2.0,0.7871979612592638,0.7604988937806215,0.9970389774193958,,
341,right,RCA,T4,apport,False,0.756297452991115,2.0,2.0,0.7871554001252724,0.7593760502606136,0.9970403251359814,,
363,right,RCA,T4,leaky,False,0.8352033151943398,2.0,1.0,0.8325309814478095,0.8491159016706741,0.996947842691947,,
363,right,RCA,T4,share,False,0.8054535649980691,1.0,1.0,0.8107957142494867,0.8000425398832628,0.995757720622896,,
363,right,RCA,T4,leaf3,False,0.8054535649980691,1.0,1.0,0.8107957142494773,0.8000425398832628,0.995757720622896,,
363,right,RCA,T4,apport,False,0.8054535649980691,1.0,1.0,0.8107957142494773,0.8000425398832628,0.995757720622896,,
368,left,LAD,T4,leaky,False,0.894909367736592,6.0,6.0,0.8912420529939593,0.9176988974690659,0.9168321512184708,,
368,left,LAD,T4,share,False,0.8819496857765174,5.0,5.0,0.8866954289506055,0.8877276877955459,0.8925271853197719,,
368,left,LAD,T4,leaf3,False,0.8076513125057705,5.0,5.0,0.8265833931482295,0.8118003793884887,0.8185044387641719,,
368,left,LAD,T4,apport,False,0.7942824283616843,5.0,5.0,0.8150613515777244,0.8042525929127327,0.8133611173852149,,
368,left,LCX,T1,leaky,False,0.8886014221381715,6.0,5.0,0.9356311488440742,0.88967252966761,0.8902187839604332,0.9867002319933742,True
368,left,LCX,T1,share,False,0.7772329770990111,5.0,4.0,0.8852072252435425,0.7819158568459232,0.8338386525295706,0.9867002319933742,True
368,left,LCX,T1,leaf3,False,0.8142272591059551,5.0,4.0,0.9189476123740417,0.8925950120010567,0.9229697171326917,0.9867002319933742,True
368,left,LCX,T1,apport,False,0.8320405169010904,5.0,4.0,0.9200798423262697,0.8488125604647079,0.8907420282084727,0.9867002319933742,True
368,left,LCX,T4,leaky,False,0.8886014221381715,6.0,6.0,0.8834896342575973,0.9140099588430525,0.9984503354054088,,
368,left,LCX,T4,share,False,0.7772329770990111,5.0,5.0,0.7813617362877087,0.7549595818410206,0.7409818632388929,,
368,left,LCX,T4,leaf3,False,0.8142272591059551,5.0,5.0,0.8157814547820058,0.8093885416778531,0.8095323772805131,,
368,left,LCX,T4,apport,False,0.8320405169010904,5.0,5.0,0.8320426147681336,0.815907345494599,0.8090484381585471,,
368,right,RCA,T1,leaky,False,0.7943617645882607,3.0,2.0,0.8332731295217561,0.7951479425784882,0.8508354104797178,0.8431442945059938,False
368,right,RCA,T1,share,False,0.7949492550094476,3.0,2.0,0.8395967286469115,0.7979373342190199,0.8579863874830705,0.8431442945059938,False
368,right,RCA,T1,leaf3,False,0.7931003005638906,3.0,2.0,0.8652115778667121,0.7954580738300889,0.8887014091717191,0.8431442945059938,False
368,right,RCA,T1,apport,False,0.7941022057240662,3.0,2.0,0.842169484267727,0.7966159273800336,0.8617804132699826,0.8431442945059938,False
368,right,RCA,T4,leaky,False,0.7943617645882607,3.0,3.0,0.7959650794667676,0.8397637504893312,0.9951183331832926,,
368,right,RCA,T4,share,False,0.7949492550094476,3.0,1.0,0.8049205138495269,0.8297480013864788,0.9963318227008673,,
368,right,RCA,T4,leaf3,False,0.7931003005638906,3.0,1.0,0.8018211078615386,0.8297480013856322,0.9963318227008673,,
368,right,RCA,T4,apport,False,0.7941022057240662,3.0,1.0,0.8034955403245637,0.8297480013864788,0.9963318227008673,,
377,left,LAD,T4,leaky,False,0.9334357870998709,7.0,7.0,0.9271734251578488,0.9388141232786613,0.9984578277342293,,
377,left,LAD,T4,share,False,0.9113469065562873,5.0,5.0,0.9085355925862557,0.9079282410574718,0.9107133580368797,,
377,left,LAD,T4,leaf3,False,0.9277956003128573,5.0,5.0,0.9236811094921417,0.9198869147494458,0.9197722102667609,,
377,left,LAD,T4,apport,False,0.9122441827225368,5.0,5.0,0.9093367439285206,0.9134249461708801,0.9158680561168554,,
377,right,RCA,T1,leaky,False,0.7606534040048253,2.0,1.0,0.8074628307936619,0.7634394877262719,0.7905667755424132,0.8412211413206532,False
377,right,RCA,T1,share,False,0.7249083331540306,2.0,1.0,0.853041874450246,0.7396088641417581,0.8934207829466942,0.8412211413206532,False
377,right,RCA,T1,leaf3,False,0.7251319679713083,2.0,1.0,0.8667591657163664,0.7396088641417016,0.9060362387182691,0.8412211413206532,False
377,right,RCA,T1,apport,False,0.7250163128902019,2.0,1.0,0.8619984240862395,0.7396088641417016,0.9017545755213919,0.8412211413206532,False
377,right,RCA,T4,leaky,False,0.7606534040048253,2.0,2.0,0.7641306353137187,0.8218338336039791,0.9953756048799907,,
377,right,RCA,T4,share,False,0.7249083331540306,2.0,1.0,0.7639403397986676,0.7890664181708594,0.9959610540672061,,
377,right,RCA,T4,leaf3,False,0.7251319679713083,2.0,1.0,0.7652283309704597,0.7890664181704884,0.9959610540672061,,
377,right,RCA,T4,apport,False,0.7250163128902019,2.0,1.0,0.764705586063996,0.7890664181704884,0.9959610540672061,,
406,left,LCX,T4,leaky,False,0.8790177853180307,4.0,4.0,0.8735041257250162,0.8956346531952905,0.9979175091286652,,
406,left,LCX,T4,share,False,0.7436095898130543,4.0,4.0,0.7346100265713904,0.7348629254844629,0.7551552130835584,,
406,left,LCX,T4,leaf3,False,0.7310559189664192,4.0,4.0,0.7223910569642581,0.7175962152683474,0.7166615900718959,,
406,left,LCX,T4,apport,False,0.7496015088548756,4.0,4.0,0.7407944699294405,0.7514835653065275,0.7640209756237334,,
417,left,LAD,T1,leaky,False,0.867779358844578,6.0,5.0,0.9039644993533011,0.8935539019821839,0.9050844003152487,0.8862766753774912,False
417,left,LAD,T1,share,False,0.8642288016165777,5.0,4.0,0.9195998838740707,0.8695654658510209,0.8918396823197945,0.8862766753774912,False
417,left,LAD,T1,leaf3,False,0.8260261606800742,5.0,4.0,0.9136116383863951,0.887732804907908,0.9168650332764422,0.8862766753774912,False
417,left,LAD,T1,apport,False,0.8505727790328511,5.0,4.0,0.9172819550256639,0.8788129581664474,0.9024904685378214,0.8862766753774912,False
417,left,LAD,T4,leaky,False,0.867779358844578,6.0,6.0,0.8605143423441477,0.8705929753276963,0.9906027293909462,,
417,left,LAD,T4,share,False,0.8642288016165777,5.0,5.0,0.8619678481905891,0.8513854300041707,0.8486039817958013,,
417,left,LAD,T4,leaf3,False,0.8260261606800742,5.0,5.0,0.8247771148904619,0.8354688327391897,0.8485805090800417,,
417,left,LAD,T4,apport,False,0.8505727790328511,5.0,5.0,0.848584528472046,0.8366495800184882,0.8340733027064823,,
417,right,RCA,T1,leaky,False,0.7958756560042641,3.0,2.0,0.8420859194386892,0.8056741768665934,0.8594892915398124,0.8028271488368187,False
417,right,RCA,T1,share,False,0.748968767761508,2.0,1.0,0.8490754771834352,0.7501966429169892,0.8828658463787824,0.8028271488368187,False
417,right,RCA,T1,leaf3,False,0.7490417295554679,2.0,1.0,0.8785848048029766,0.7501966429169892,0.911262676023982,0.8028271488368187,False
417,right,RCA,T1,apport,False,0.7489835472977886,2.0,1.0,0.8638844504325565,0.7501966429169892,0.8975967584803098,0.8028271488368187,False
417,right,RCA,T4,leaky,False,0.7958756560042641,3.0,3.0,0.8010749648458494,0.813405259284615,0.9963626983557337,,
417,right,RCA,T4,share,False,0.748968767761508,2.0,1.0,0.7702552718001195,0.7360718765643879,0.9943310679113413,,
417,right,RCA,T4,leaf3,False,0.7490417295554679,2.0,1.0,0.7705004086008767,0.7360718765643879,0.9943310679113413,,
417,right,RCA,T4,apport,False,0.7489835472977886,2.0,1.0,0.77023760488059,0.7360718765643879,0.9943310679113413,,
423,right,RCA,T4,leaky,False,0.8065656002664712,2.0,2.0,0.8152490302531389,0.8336745533762577,0.9978793058513057,,
423,right,RCA,T4,share,False,0.804106304211587,1.0,1.0,0.8633565270516663,0.803286848894534,0.9972279614417995,,
423,right,RCA,T4,leaf3,False,0.804106304211133,1.0,1.0,0.8633565270515392,0.803286848894534,0.9972279614417995,,
423,right,RCA,T4,apport,False,0.804106304211587,1.0,1.0,0.8633565270516663,0.803286848894534,0.9972279614417995,,
431,right,RCA,T4,leaky,False,0.8162106332886857,2.0,2.0,0.8137806444127206,0.8585548980107595,0.6905770680790961,,
431,right,RCA,T4,share,False,0.7829328908204645,1.0,1.0,0.7938605478809954,0.8245507487446319,0.9957415358737302,,
431,right,RCA,T4,leaf3,False,0.7829328908204645,1.0,1.0,0.7938605478809526,0.8245507487446319,0.9957415358737302,,
431,right,RCA,T4,apport,False,0.7829328908204645,1.0,1.0,0.7938605478809526,0.8245507487446319,0.9957415358737302,,
436,right,RCA,T4,leaky,False,0.8378945444270939,2.0,2.0,0.836915579044804,0.8585069598742514,0.9968954934962587,,
436,right,RCA,T4,share,False,0.8082391814841909,1.0,1.0,0.8102957418198551,0.8162535443720293,0.9959103025868156,,
436,right,RCA,T4,leaf3,False,0.8082391814841909,1.0,1.0,0.8102957418198551,0.8162535443720293,0.9959103025868156,,
436,right,RCA,T4,apport,False,0.8082391814841909,1.0,1.0,0.8102957418198551,0.8162535443720293,0.9959103025868156,,
448,left,LAD,T1,leaky,False,0.9079908986806474,5.0,4.0,0.9597233720956418,0.9496641162918542,0.9539424947239171,0.9644788529254888,True
448,left,LAD,T1,share,False,0.796324541732154,5.0,4.0,0.9144146094674233,0.7985686500754064,0.8777666906782836,0.9644788529254888,True
448,left,LAD,T1,leaf3,False,0.7086383962546017,5.0,4.0,0.8573925736075719,0.8215027127575364,0.8671685536126906,0.9644788529254888,True
448,left,LAD,T1,apport,False,0.7295660010665601,5.0,4.0,0.8745366806814673,0.8155275521130905,0.8674552388897335,0.9644788529254888,True
448,left,LAD,T4,leaky,False,0.9079908986806474,5.0,5.0,0.9052520549879237,0.938671090154934,0.9984766870823533,,
448,left,LAD,T4,share,True,,,,,,,,
448,left,LAD,T4,leaf3,True,,,,,,,,
448,left,LAD,T4,apport,True,,,,,,,,
448,right,RCA,T1,leaky,False,0.7536090765570145,2.0,1.0,0.7748477888690791,0.7579454521050429,0.23803601364765795,0.7737335200959399,False
448,right,RCA,T1,share,False,0.7127100269243132,2.0,1.0,0.8184275539340303,0.7380237289043202,0.8696791901784067,0.7737335200959399,False
448,right,RCA,T1,leaf3,False,0.7017538023059329,2.0,1.0,0.8779789105085792,0.7380237289043202,0.9273160120104359,0.7737335200959399,False
448,right,RCA,T1,apport,False,0.7039857432049735,2.0,1.0,0.8636454277395209,0.7380237289043202,0.9154092196594981,0.7737335200959399,False
448,right,RCA,T4,leaky,False,0.7536090765570145,2.0,2.0,0.739612174676244,0.7664668655338625,0.9972416678305698,,
448,right,RCA,T4,share,False,0.7127100269243132,2.0,1.0,0.7714994037303222,0.6886156301048134,0.992709121738692,,
448,right,RCA,T4,leaf3,False,0.7017538023059329,2.0,1.0,0.7359343724191981,0.6886156301048134,0.992709121738692,,
448,right,RCA,T4,apport,False,0.7039857432049735,2.0,1.0,0.7429752155433289,0.6886156301053401,0.992709121738692,,
454,left,LAD,T4,leaky,False,0.9437791164344568,4.0,4.0,0.9418943247323834,0.9540695360880278,0.9546870773957844,,
454,left,LAD,T4,share,False,0.9380120431981736,4.0,4.0,0.9421057467565319,0.93966053416274,0.9444112551334765,,
454,left,LAD,T4,leaf3,False,0.9585525019756839,4.0,4.0,0.9592197082911497,0.95541206476988,0.9552469357469631,,
454,left,LAD,T4,apport,False,0.9429763938917665,4.0,4.0,0.9461338681188423,0.9502549341424826,0.9546105797142509,,
454,right,RCA,T1,leaky,False,0.8147308037724232,2.0,1.0,0.8919946438961561,0.8162820489044713,0.8542549123813913,0.9631708975486721,False
454,right,RCA,T1,share,False,0.8048148028268105,2.0,1.0,0.9141263741492314,0.8184039704115077,0.9316220863344568,0.9631708975486721,False
454,right,RCA,T1,leaf3,False,0.8047857792101369,2.0,1.0,0.9159898035194601,0.8184039704115077,0.9333234127296178,0.9631708975486721,False
454,right,RCA,T1,apport,False,0.8048049491794417,2.0,1.0,0.9147040738423103,0.8184039704115077,0.9321510263338344,0.9631708975486721,False
454,right,RCA,T4,leaky,False,0.8147308037724232,2.0,2.0,0.8146266075674768,0.8395442121902629,0.9973662468739729,,
454,right,RCA,T4,share,False,0.8048148028268105,2.0,2.0,0.8199107747921557,0.8061020723718358,0.9966200419545155,,
454,right,RCA,T4,leaf3,False,0.8047857792101369,2.0,2.0,0.819982926614116,0.8061224557707524,0.9966197622705886,,
454,right,RCA,T4,apport,False,0.8048049491794417,2.0,2.0,0.8199310509844975,0.8061132076736868,0.9966198897009495,,
461,left,LAD,T1,leaky,False,0.8659944608921007,6.0,5.0,0.8989210559464612,0.8809549477663039,0.9012708821687628,1.159039065653122,False
461,left,LAD,T1,share,False,0.8231678872089184,5.0,4.0,0.8875887636775692,0.8220186539565343,0.8680985617745738,1.159039065653122,False
461,left,LAD,T1,leaf3,False,0.874744664168893,5.0,4.0,0.9280949314173828,0.9008116338660339,0.9315118012832607,1.159039065653122,False
461,left,LAD,T1,apport,False,0.8136442178788105,5.0,4.0,0.88256260294623,0.8180863234244531,0.8717060020598133,1.159039065653122,False
461,left,LAD,T4,leaky,False,0.8659944608921007,6.0,6.0,0.8638988775676939,0.8814123507867959,0.9987906676239903,,
461,left,LAD,T4,share,False,0.8231678872089184,5.0,4.0,0.8460762510691147,0.8160622475669571,0.8113966710869297,,
461,left,LAD,T4,leaf3,False,0.874744664168893,5.0,4.0,0.8871460462990494,0.8998799889806364,0.9235775724865677,,
461,left,LAD,T4,apport,False,0.8136442178788105,5.0,4.0,0.8390799545724876,0.8176819984604533,0.8208081543166882,,
461,left,LCX,T1,leaky,False,0.9253865306441541,6.0,5.0,0.9520624388701083,0.9250044221831306,0.9249245424045353,0.901871543684855,True
461,left,LCX,T1,share,False,0.8891706267389965,5.0,4.0,0.9482072334621727,0.8802718962169445,0.9241904778110872,0.901871543684855,True
461,left,LCX,T1,leaf3,False,0.7700728831304808,5.0,4.0,0.8896912943831305,0.8546664484336999,0.8963832591135812,0.901871543684855,True
461,left,LCX,T1,apport,False,0.9152987015813404,5.0,4.0,0.9599923456631083,0.9074984731859357,0.9418127827650754,0.901871543684855,True
461,left,LCX,T4,leaky,False,0.9253865306441541,6.0,6.0,0.9208197720317075,0.9274321500672894,0.9979179552441322,,
461,left,LCX,T4,share,True,,,,,,,,
461,left,LCX,T4,leaf3,True,,,,,,,,
461,left,LCX,T4,apport,True,,,,,,,,
461,right,RCA,T1,leaky,False,0.7704326876014861,2.0,1.0,0.8044139415237836,0.7694345113260656,0.3606233751185716,0.8924193805119068,False
461,right,RCA,T1,share,False,0.8546790895349993,2.0,1.0,0.942187761782796,0.9290961359152705,0.9504667165715606,0.8924193805119068,False
461,right,RCA,T1,leaf3,False,0.8406293941806805,2.0,1.0,0.9529188709641552,0.9290961359152705,0.9616154957067534,0.8924193805119068,False
461,right,RCA,T1,apport,False,0.8442676527031342,2.0,1.0,0.9482843704028022,0.9290961359136009,0.9571117978583223,0.8924193805119068,False
461,right,RCA,T4,leaky,False,0.7704326876014861,2.0,2.0,0.7765101226688567,0.7699304338667028,0.9976247242017469,,
461,right,RCA,T4,share,False,0.8546790895349993,2.0,2.0,0.9144316970572777,0.7457043059126527,0.9951725929955147,,
461,right,RCA,T4,leaf3,False,0.8406293941806805,2.0,2.0,0.9071328236881314,0.7494270424916042,0.9957826187802753,,
461,right,RCA,T4,apport,False,0.8442676527031342,2.0,2.0,0.9089277150305165,0.7474115537165523,0.9956803990133768,,
465,left,LAD,T4,leaky,False,0.8224526998442375,6.0,6.0,0.8193400745427103,0.8404996601886439,0.8469072990923723,,
465,left,LAD,T4,share,True,,,,,,,,
465,left,LAD,T4,leaf3,True,,,,,,,,
465,left,LAD,T4,apport,True,,,,,,,,
465,right,RCA,T1,leaky,False,0.8330618779095647,3.0,1.0,0.897592432205702,0.8411941539569211,0.9143178999548061,0.8328865376212555,False
465,right,RCA,T1,share,False,0.8178098659548623,2.0,1.0,0.9169811174731067,0.8220297189527462,0.9353873583669655,0.8328865376212555,False
465,right,RCA,T1,leaf3,False,0.8177545557852519,2.0,1.0,0.9189458564125192,0.8220297189527462,0.937176596106201,0.8328865376212555,False
465,right,RCA,T1,apport,False,0.8177869630701872,2.0,1.0,0.9177898952847313,0.8220297189527462,0.9361259605153336,0.8328865376212555,False
465,right,RCA,T4,leaky,False,0.8330618779095647,3.0,3.0,0.8404540038370639,0.8641796835470092,0.9971788405589039,,
465,right,RCA,T4,share,False,0.8178098659548623,2.0,1.0,0.836667846186342,0.8453107728590421,0.9967380297186506,,
465,right,RCA,T4,leaf3,False,0.8177545557852519,2.0,1.0,0.8364939975386247,0.8453107728590421,0.9967380297186506,,
465,right,RCA,T4,apport,False,0.8177869630701872,2.0,1.0,0.8365957737550374,0.8453107728590421,0.9967380297186506,,
466,left,LCX,T4,leaky,False,0.9380030530523922,5.0,5.0,0.9361768954835878,0.9376501089645676,0.9322300468479788,,
466,left,LCX,T4,share,False,0.8844438314943365,4.0,4.0,0.8861593145101302,0.8818582279310245,0.879767310951351,,
466,left,LCX,T4,leaf3,False,0.8591534959759796,4.0,4.0,0.863903337443193,0.8972439385179493,0.9108940801857047,,
466,left,LCX,T4,apport,False,0.8989280751767987,4.0,4.0,0.8992765614627188,0.8990644744381759,0.8998845020746773,,
466,right,RCA,T4,leaky,False,0.8062069055427562,3.0,2.0,0.811460560328021,0.850072797552619,0.997509824690454,,
466,right,RCA,T4,share,False,0.7857926652681018,1.0,1.0,0.8215420009361195,0.8247467043491338,0.9966873352997557,,
466,right,RCA,T4,leaf3,False,0.7857926652681018,1.0,1.0,0.8215420009361195,0.824746704349285,0.9966873352997557,,
466,right,RCA,T4,apport,False,0.78579266526659,1.0,1.0,0.8215420009361195,0.8247467043491338,0.9966873352997557,,
471,left,LAD,T4,leaky,False,0.9287672124352273,6.0,6.0,0.9267615159179698,0.9381942295697222,0.9987146238957766,,
471,left,LAD,T4,share,False,0.9092242602799397,4.0,4.0,0.9151956294739573,0.8935854392696377,0.8900042523618731,,
471,left,LAD,T4,leaf3,False,0.9209423540988901,4.0,4.0,0.9246267012207177,0.9109341728374658,0.9101389614610956,,
471,left,LAD,T4,apport,False,0.8885934238341734,4.0,4.0,0.8990995711064653,0.8671526912794808,0.8621771904511073,,
471,right,RCA,T4,leaky,False,0.8146680768851755,2.0,2.0,0.8127373913288083,0.8283619074390376,0.9957956310160673,,
471,right,RCA,T4,share,False,0.7942223614356574,1.0,1.0,0.8043619438500511,0.7977646340266815,0.994596771756679,,
471,right,RCA,T4,leaf3,False,0.7942223614355579,1.0,1.0,0.8043619438501322,0.7977646340266815,0.994596771756679,,
471,right,RCA,T4,apport,False,0.7942223614356574,1.0,1.0,0.8043619438501322,0.7977646340266815,0.994596771756679,,
473,left,LCX,T1,leaky,False,0.8651834891296898,6.0,5.0,0.9109429111842684,0.8970574115445961,0.9139301863642498,1.1392813486704403,True
473,left,LCX,T1,share,False,0.840390554391747,5.0,4.0,0.9012906702952826,0.8418002716782373,0.8897172660240376,1.1392813486704403,True
473,left,LCX,T1,leaf3,False,0.7617314499352799,5.0,4.0,0.8518586096784679,0.8059787740724816,0.865325493957561,1.1392813486704403,True
473,left,LCX,T1,apport,False,0.8104962336702369,5.0,4.0,0.8823748092701323,0.8378554498121048,0.8823897075218498,1.1392813486704403,True
473,left,LCX,T4,leaky,False,0.8651834891296898,6.0,6.0,0.8621049127981054,0.9015863317619268,0.9986737789846039,,
473,left,LCX,T4,share,False,0.840390554391747,5.0,5.0,0.8428768316507094,0.831856649791971,0.8279442601488263,,
473,left,LCX,T4,leaf3,False,0.7617314499352799,5.0,5.0,0.7677855892304668,0.7562275865831991,0.7543161123384243,,
473,left,LCX,T4,apport,False,0.8104962336702369,5.0,5.0,0.8138574055293716,0.8212411176525399,0.8343761845808207,,
473,right,RCA,T4,leaky,False,0.7927390093203118,3.0,3.0,0.7958037396714883,0.8241245990541499,0.9979134944954662,,
473,right,RCA,T4,share,False,0.7814063805184364,1.0,1.0,0.8396788548369892,0.7676155627431352,0.9968134597839392,,
473,right,RCA,T4,leaf3,False,0.7814063805184364,1.0,1.0,0.8396788548369892,0.7676155627431352,0.9968134597839392,,
473,right,RCA,T4,apport,False,0.7814063805184364,1.0,1.0,0.8396788548369892,0.7676155627431352,0.9968134597839392,,
474,right,RCA,T4,leaky,False,0.8293410636298008,2.0,2.0,0.8339149660271991,0.8612592197705478,0.9973896182836246,,
474,right,RCA,T4,share,False,0.8072629103776898,1.0,1.0,0.8308021957796758,0.8340768532396293,0.9963099498097718,,
474,right,RCA,T4,leaf3,False,0.807262910376932,1.0,1.0,0.8308021957798268,0.8340768532399433,0.9963099498097718,,
474,right,RCA,T4,apport,False,0.807262910376932,1.0,1.0,0.8308021957798268,0.8340768532399433,0.9963099498097718,,
488,left,LAD,T4,leaky,False,0.9081208958300675,6.0,6.0,0.9027085292244192,0.9158916422805323,0.9089167846610317,,
488,left,LAD,T4,share,False,0.681734506343508,3.0,3.0,0.7365999641721411,0.5978039983480575,0.5707124548823883,,
488,left,LAD,T4,leaf3,False,0.7486318745531897,3.0,3.0,0.7798749776098518,0.67954709594461,0.6638188236235639,,
488,left,LAD,T4,apport,False,0.7166393494612747,3.0,3.0,0.7587673969777364,0.6407208717321822,0.6203561750748616,,
488,right,RCA,T1,leaky,False,0.7693571766478426,2.0,1.0,0.8388629354798269,0.7681326606251795,0.16673047012621475,0.9954508427102458,False
488,right,RCA,T1,share,False,0.6753846799529564,2.0,1.0,0.8427424407468805,0.7435490893046374,0.8913387826351031,0.9954508427102458,False
488,right,RCA,T1,leaf3,False,0.6736932343978396,2.0,1.0,0.8577280301686012,0.7435490893046374,0.9049634437446189,0.9954508427102458,False
488,right,RCA,T1,apport,False,0.6741927255838557,2.0,1.0,0.8519356552582114,0.7435490893046374,0.8998444741452342,0.9954508427102458,False
488,right,RCA,T4,leaky,False,0.7693571766478426,2.0,2.0,0.7713257909222357,0.8258613324925133,0.9975499682171737,,
488,right,RCA,T4,share,False,0.6753846799529564,2.0,2.0,0.7464990163520834,0.6178244596744369,0.9934939653408464,,
488,right,RCA,T4,leaf3,False,0.6736932343978396,2.0,2.0,0.743970053297374,0.6179929536612093,0.993544708375471,,
488,right,RCA,T4,apport,False,0.6741927255838557,2.0,2.0,0.7447249249356677,0.6179395492836718,0.9935351670037219,,
