scan,side,vessel,T,scheme,nout,meas_active,les_active,Qh_les_leaky,Qh_les,Qh_meas_leaky,Qh_meas,hffr_meas,base_meas_leaky,base_meas,r_ref_les,r_ref_meas,les65_meas,les65_meas_leaky,n_dn_br_ret,n_dn_br_all,runoff_ret_mm
878,left,LAD,0.5,share,4,True,True,0.48586841140856235,0.8803827936083326,0.36235423951193685,0.8803827936077716,0.963853308423762,0.9600399547840716,0.929792086345584,1.0277754032636826,0.9341311303528229,0.7631939453677336,0.8623801543018363,0.0,0.0,82.64330158519039
878,left,LAD,0.5,leaf3,4,True,True,0.48586841140856235,0.6231981780380254,0.36235423951193685,0.6231981780348944,0.9701354557126263,0.9600399547840716,0.9433112559945495,1.0277754032636826,0.9341311303528229,0.8248359341601299,0.8623801543018363,0.0,0.0,82.64330158519039
878,left,LAD,0.5,leaf266,4,True,True,0.48586841140856235,0.6039670910959971,0.36235423951193685,0.6039670910948379,0.9707217794123506,0.9600399547840716,0.9445429038058,1.0277754032636826,0.9341311303528229,0.8299426444095028,0.8623801543018363,0.0,0.0,82.64330158519039
878,left,LAD,0.5,apport,4,True,True,0.48586841140856235,0.7637373790011384,0.36235423951193685,0.7637373790004754,0.9664776548266558,0.9600399547840716,0.9354372767796281,1.0277754032636826,0.9341311303528229,0.7897447099978544,0.8623801543018363,0.0,0.0,82.64330158519039
878,left,LAD,0.5,origin,4,True,True,0.48586841140856235,0.8177161201436177,0.36235423951193685,0.8177161201449962,0.9661192976117569,0.9600399547840716,0.934033602005892,1.0277754032636826,0.9341311303528229,0.7782953201820387,0.8623801543018363,0.0,0.0,82.64330158519039
878,left,LAD,0.5,length,4,True,True,0.48586841140856235,0.8026050506957524,0.36235423951193685,0.8026050506944827,0.9676065527750457,0.9600399547840716,0.9364495070181678,1.0277754032636826,0.9341311303528229,0.7832240789311421,0.8623801543018363,0.0,0.0,82.64330158519039
878,left,LAD,0.6,share,4,True,True,0.48586841140856235,0.8754653474993572,0.36235423951193685,0.8754653474985039,0.9640171954599209,0.9600399547840716,0.9301032861795595,1.0277754032636826,0.9341311303528229,0.7643413482700592,0.8623801543018363,0.0,0.0,82.64330158519039
878,left,LAD,0.6,leaf3,4,True,True,0.48586841140856235,0.58363106410829,0.36235423951193685,0.5836310641058311,0.9712762237287864,0.9600399547840716,0.9457713239947971,1.0277754032636826,0.9341311303528229,0.8353121386470921,0.8623801543018363,0.0,0.0,82.64330158519039
878,left,LAD,0.6,leaf266,4,True,True,0.48586841140856235,0.5682350019177634,0.36235423951193685,0.5682350019174207,0.9717496576600492,0.9600399547840716,0.9467732652138907,1.0277754032636826,0.9341311303528229,0.8394685998469165,0.8623801543018363,0.0,0.0,82.64330158519039
878,left,LAD,0.6,apport,4,True,True,0.48586841140856235,0.7456484556325096,0.36235423951193685,0.745648455628077,0.9669889926896843,0.9600399547840716,0.9364969006781747,1.0277754032636826,0.9341311303528229,0.794172541032394,0.8623801543018363,0.0,0.0,82.64330158519039
878,left,LAD,0.6,origin,4,True,True,0.48586841140856235,0.8120033729700304,0.36235423951193685,0.8120033729695901,0.966315921124319,0.9600399547840716,0.9344109776574381,1.0277754032636826,0.9341311303528229,0.7796897349558625,0.8623801543018363,0.0,0.0,82.64330158519039
878,left,LAD,0.6,length,4,True,True,0.48586841140856235,0.7946200054690491,0.36235423951193685,0.7946200054690136,0.9678896618994988,0.9600399547840716,0.9369901144892913,1.0277754032636826,0.9341311303528229,0.785204134809084,0.8623801543018363,0.0,0.0,82.64330158519039
878,left,LAD,0.75,share,3,True,True,0.48586841140856235,0.8719439084416734,0.36235423951193685,0.8719439084393444,0.9642378062993724,0.9600399547840716,0.9307856894274474,1.0277754032636826,0.9341311303528229,0.7664391167367519,0.8623801543018363,0.0,0.0,69.58810395043403
878,left,LAD,0.75,leaf3,3,True,True,0.48586841140856235,0.5746679088582808,0.36235423951193685,0.57466790885916,0.9731006216442721,0.9600399547840716,0.9487314104802921,1.0277754032636826,0.9341311303528229,0.8403608823305513,0.8623801543018363,0.0,0.0,69.58810395043403
878,left,LAD,0.75,leaf266,3,True,True,0.48586841140856235,0.5754182801339707,0.36235423951193685,0.5754182801336538,0.9730870689302014,0.9600399547840716,0.948696886237381,1.0277754032636826,0.9341311303528229,0.8401720451829607,0.8623801543018363,0.0,0.0,69.58810395043403
878,left,LAD,0.75,apport,3,True,True,0.48586841140856235,0.793850928975011,0.36235423951193685,0.7938509289734368,0.9660038563867123,0.9600399547840716,0.9345122274134646,1.0277754032636826,0.9341311303528229,0.7839607288440628,0.8623801543018363,0.0,0.0,69.58810395043403
878,left,LAD,0.75,origin,3,True,True,0.48586841140856235,0.8090331635909174,0.36235423951193685,0.8090331635889565,0.966622804100089,0.9600399547840716,0.9351775679826788,1.0277754032636826,0.9341311303528229,0.7817015413401862,0.8623801543018363,0.0,0.0,69.58810395043403
878,left,LAD,0.75,length,3,True,True,0.48586841140856235,0.660707809621367,0.36235423951193685,0.6607078096186595,0.9710532904023086,0.9600399547840716,0.9441176458137152,1.0277754032636826,0.9341311303528229,0.818442801959069,0.8623801543018363,0.0,0.0,69.58810395043403
878,left,LAD,0.9,share,2,True,True,0.48586841140856235,1.2968131346722938,0.36235423951193685,1.2968131346698961,0.9527496837407924,0.9600399547840716,0.889715444968359,1.0277754032636826,0.9341311303528229,0.6324040248664586,0.8623801543018363,0.0,0.0,29.5061455299882
878,left,LAD,0.9,leaf3,2,True,True,0.48586841140856235,0.8689472270887958,0.36235423951193685,0.8689472270884564,0.96737391456557,0.9600399547840716,0.9266807524478166,1.0277754032636826,0.9341311303528229,0.7427709936640812,0.8623801543018363,0.0,0.0,29.5061455299882
878,left,LAD,0.9,leaf266,2,True,True,0.48586841140856235,0.8690945001169558,0.36235423951193685,0.8690945001160769,0.9673688808512191,0.9600399547840716,0.9266681577848755,1.0277754032636826,0.9341311303528229,0.742728379378962,0.8623801543018363,0.0,0.0,29.5061455299882
878,left,LAD,0.9,apport,2,True,True,0.48586841140856235,1.2468318377723668,0.36235423951193685,1.2468318377721126,0.9544580180806247,0.9600399547840716,0.8940571213275583,1.0277754032636826,0.9341311303528229,0.6439145992638848,0.8623801543018363,0.0,0.0,29.5061455299882
878,left,LAD,0.9,origin,2,True,True,0.48586841140856235,1.0462707801763869,0.36235423951193685,1.046270780174043,0.9613130891409153,0.9600399547840716,0.9114347718573169,1.0277754032636826,0.9341311303528229,0.6937450883153906,0.8623801543018363,0.0,0.0,29.5061455299882
878,left,LAD,0.9,length,2,True,True,0.48586841140856235,0.9071048840014899,0.36235423951193685,0.9071048839981722,0.9660697059980614,0.9600399547840716,0.9234133222188211,1.0277754032636826,0.9341311303528229,0.7318327865038745,0.8623801543018363,0.0,0.0,29.5061455299882
878,left,LAD,1.0,share,1,False,True,0.48586841140856235,1.7752775505482514,0.36235423951193685,,,0.9600399547840716,,1.0277754032636826,0.9341311303528229,,,,,
878,left,LAD,1.0,leaf3,1,False,True,0.48586841140856235,1.7752775505488028,0.36235423951193685,,,0.9600399547840716,,1.0277754032636826,0.9341311303528229,,,,,
878,left,LAD,1.0,leaf266,1,False,True,0.48586841140856235,1.7752775505488028,0.36235423951193685,,,0.9600399547840716,,1.0277754032636826,0.9341311303528229,,,,,
878,left,LAD,1.0,apport,1,False,True,0.48586841140856235,1.7752775505482514,0.36235423951193685,,,0.9600399547840716,,1.0277754032636826,0.9341311303528229,,,,,
878,left,LAD,1.0,origin,1,False,True,0.48586841140856235,1.7752775505482514,0.36235423951193685,,,0.9600399547840716,,1.0277754032636826,0.9341311303528229,,,,,
878,left,LAD,1.0,length,1,False,True,0.48586841140856235,1.7752775505488028,0.36235423951193685,,,0.9600399547840716,,1.0277754032636826,0.9341311303528229,,,,,
878,right,RCA,0.5,share,2,True,True,1.4575129257867232,1.691477937947984,1.199909309026656,1.6914779379425038,0.9807730388000789,0.978489610392393,0.9767424185984558,1.3681240763236147,1.2728725339172349,0.7881364866182132,0.8053955914447748,1.0,1.0,161.5582142372015
878,right,RCA,0.5,leaf3,2,True,True,1.4575129257867232,1.691477937947984,1.199909309026656,1.6914779379425038,0.9807730388000789,0.978489610392393,0.9763540128708356,1.3681240763236147,1.2728725339172349,0.7839942087797608,0.8053955914447748,1.0,1.0,161.5582142372015
878,right,RCA,0.5,leaf266,2,True,True,1.4575129257867232,1.691477937947984,1.199909309026656,1.6914779379425038,0.9807730388000764,0.978489610392393,0.9763532070523112,1.3681240763236147,1.2728725339172349,0.7839856332312233,0.8053955914447748,1.0,1.0,161.5582142372015
878,right,RCA,0.5,apport,2,True,True,1.4575129257867232,1.691477937947984,1.199909309026656,1.6914779379425038,0.9807730388000792,0.978489610392393,0.9764588672556652,1.3681240763236147,1.2728725339172349,0.7851107286392074,0.8053955914447748,1.0,1.0,161.5582142372015
878,right,RCA,0.5,origin,2,True,True,1.4575129257867232,1.691477937947984,1.199909309026656,1.6914779379425038,0.9807730388000796,0.978489610392393,0.9767424185984561,1.3681240763236147,1.2728725339172349,0.7881364866186614,0.8053955914447748,1.0,1.0,161.5582142372015
878,right,RCA,0.5,length,2,True,True,1.4575129257867232,1.6914779379469636,1.199909309026656,1.6914779379417066,0.9807730388000929,0.978489610392393,0.9767213946915648,1.3681240763236147,1.2728725339172349,0.7879118248129998,0.8053955914447748,1.0,1.0,161.5582142372015
878,right,RCA,0.6,share,2,True,True,1.4575129257867232,1.691477937947984,1.199909309026656,1.6914779379425038,0.9807730388000757,0.978489610392393,0.9768321899254193,1.3681240763236147,1.2728725339172349,0.7890963469709843,0.8053955914447748,1.0,1.0,148.04865371322182
878,right,RCA,0.6,leaf3,2,True,True,1.4575129257867232,1.6914779379510456,1.199909309026656,1.6914779379456928,0.9807730388000407,0.978489610392393,0.9761138589065081,1.3681240763236147,1.2728725339172349,0.7814419292316733,0.8053955914447748,1.0,1.0,148.04865371322182
878,right,RCA,0.6,leaf266,2,True,True,1.4575129257867232,1.691477937947984,1.199909309026656,1.6914779379425038,0.9807730388000793,0.978489610392393,0.9761143432804678,1.3681240763236147,1.2728725339172349,0.7814470699803941,0.8053955914447748,1.0,1.0,148.04865371322182
878,right,RCA,0.6,apport,2,True,True,1.4575129257867232,1.691477937947984,1.199909309026656,1.6914779379425038,0.9807730388000788,0.978489610392393,0.9763565672884653,1.3681240763236147,1.2728725339172349,0.7840213934921296,0.8053955914447748,1.0,1.0,148.04865371322182
878,right,RCA,0.6,origin,2,True,True,1.4575129257867232,1.691477937947984,1.199909309026656,1.6914779379425038,0.9807730388000757,0.978489610392393,0.9768321899254193,1.3681240763236147,1.2728725339172349,0.7890963469709843,0.8053955914447748,1.0,1.0,148.04865371322182
878,right,RCA,0.6,length,2,True,True,1.4575129257867232,1.691477937947984,1.199909309026656,1.6914779379425038,0.98077303880008,0.978489610392393,0.9768027450816485,1.3681240763236147,1.2728725339172349,0.7887814142855729,0.8053955914447748,1.0,1.0,148.04865371322182
878,right,RCA,0.75,share,1,True,True,1.4575129257867232,1.691477937947984,1.199909309026656,1.6914779379425038,0.98077303880008,0.978489610392393,0.9759351654559112,1.3681240763236147,1.2728725339172349,0.7795473896328504,0.8053955914447748,0.0,1.0,124.70917258216954
878,right,RCA,0.75,leaf3,1,True,True,1.4575129257867232,1.691477937947984,1.199909309026656,1.6914779379425038,0.980773038800078,0.978489610392393,0.9759351654559112,1.3681240763236147,1.2728725339172349,0.7795473896328504,0.8053955914447748,0.0,1.0,124.70917258216954
878,right,RCA,0.75,leaf266,1,True,True,1.4575129257867232,1.691477937947984,1.199909309026656,1.6914779379425038,0.98077303880008,0.978489610392393,0.9759351654559112,1.3681240763236147,1.2728725339172349,0.7795473896328504,0.8053955914447748,0.0,1.0,124.70917258216954
878,right,RCA,0.75,apport,1,True,True,1.4575129257867232,1.691477937947984,1.199909309026656,1.6914779379425038,0.98077303880008,0.978489610392393,0.9759351654559112,1.3681240763236147,1.2728725339172349,0.7795473896328504,0.8053955914447748,0.0,1.0,124.70917258216954
878,right,RCA,0.75,origin,1,True,True,1.4575129257867232,1.691477937947984,1.199909309026656,1.6914779379425038,0.980773038800078,0.978489610392393,0.9759351654559112,1.3681240763236147,1.2728725339172349,0.7795473896328504,0.8053955914447748,0.0,1.0,124.70917258216954
878,right,RCA,0.75,length,1,True,True,1.4575129257867232,1.691477937947984,1.199909309026656,1.6914779379425038,0.98077303880008,0.978489610392393,0.9759351654559112,1.3681240763236147,1.2728725339172349,0.7795473896328504,0.8053955914447748,0.0,1.0,124.70917258216954
878,right,RCA,0.9,share,1,True,True,1.4575129257867232,1.691477937947984,1.199909309026656,1.6914779379425038,0.9807730388000792,0.978489610392393,0.9748775798263893,1.3681240763236147,1.2728725339172349,0.7684182636086004,0.8053955914447748,0.0,1.0,101.23744209462224
878,right,RCA,0.9,leaf3,1,True,True,1.4575129257867232,1.691477937947984,1.199909309026656,1.6914779379425038,0.9807730388000789,0.978489610392393,0.9748775798263927,1.3681240763236147,1.2728725339172349,0.7684182636088698,0.8053955914447748,0.0,1.0,101.23744209462224
878,right,RCA,0.9,leaf266,1,True,True,1.4575129257867232,1.691477937947984,1.199909309026656,1.6914779379425038,0.9807730388000809,0.978489610392393,0.9748775798263927,1.3681240763236147,1.2728725339172349,0.7684182636088698,0.8053955914447748,0.0,1.0,101.23744209462224
878,right,RCA,0.9,apport,1,True,True,1.4575129257867232,1.691477937947984,1.199909309026656,1.6914779379425038,0.9807730388000789,0.978489610392393,0.9748775798263927,1.3681240763236147,1.2728725339172349,0.7684182636088698,0.8053955914447748,0.0,1.0,101.23744209462224
878,right,RCA,0.9,origin,1,True,True,1.4575129257867232,1.691477937947984,1.199909309026656,1.6914779379425038,0.9807730388000809,0.978489610392393,0.9748775798263927,1.3681240763236147,1.2728725339172349,0.7684182636088698,0.8053955914447748,0.0,1.0,101.23744209462224
878,right,RCA,0.9,length,1,True,True,1.4575129257867232,1.691477937947984,1.199909309026656,1.6914779379425038,0.9807730388000809,0.978489610392393,0.9748775798263927,1.3681240763236147,1.2728725339172349,0.7684182636088698,0.8053955914447748,0.0,1.0,101.23744209462224
878,right,RCA,1.0,share,1,True,True,1.4575129257867232,1.691477937947984,1.199909309026656,1.6914779379425038,0.9807730388000818,0.978489610392393,0.9749943828370643,1.3681240763236147,1.2728725339172349,0.7696401354426884,0.8053955914447748,0.0,1.0,85.48488021804027
878,right,RCA,1.0,leaf3,1,True,True,1.4575129257867232,1.691477937947984,1.199909309026656,1.6914779379425038,0.9807730388000818,0.978489610392393,0.9749943828370643,1.3681240763236147,1.2728725339172349,0.7696401354426884,0.8053955914447748,0.0,1.0,85.48488021804027
878,right,RCA,1.0,leaf266,1,True,True,1.4575129257867232,1.691477937947984,1.199909309026656,1.6914779379425038,0.9807730388000784,0.978489610392393,0.9749943828370643,1.3681240763236147,1.2728725339172349,0.7696401354419555,0.8053955914447748,0.0,1.0,85.48488021804027
878,right,RCA,1.0,apport,1,True,True,1.4575129257867232,1.691477937947984,1.199909309026656,1.6914779379425038,0.9807730388000784,0.978489610392393,0.9749943828370643,1.3681240763236147,1.2728725339172349,0.7696401354419414,0.8053955914447748,0.0,1.0,85.48488021804027
878,right,RCA,1.0,origin,1,True,True,1.4575129257867232,1.691477937947984,1.199909309026656,1.6914779379425038,0.9807730388000818,0.978489610392393,0.9749943828370643,1.3681240763236147,1.2728725339172349,0.7696401354426884,0.8053955914447748,0.0,1.0,85.48488021804027
878,right,RCA,1.0,length,1,True,True,1.4575129257867232,1.691477937947984,1.199909309026656,1.6914779379425038,0.9807730388000818,0.978489610392393,0.9749943828370643,1.3681240763236147,1.2728725339172349,0.7696401354426884,0.8053955914447748,0.0,1.0,85.48488021804027
844,left,LAD,0.5,share,5,True,True,0.9477047084483142,0.8706072667651954,0.2641500324184791,0.8706072667612119,0.9888811718767949,0.9930452974819687,0.9922788243520839,1.9347213608823257,1.2517406060131957,0.9699536470530105,0.9642535615094598,1.0,1.0,108.5374330089098
844,left,LCX,0.5,share,5,True,True,0.38835228055737053,0.7099636043599702,0.29074370241142844,0.7099636043651062,0.9841602311375298,0.9830221217518776,0.9700344544078535,1.3105558404486874,1.1438733044946205,0.8922295683741776,0.947451747753169,1.0,1.0,84.11408997358224
844,left,LAD,0.5,leaf3,5,True,True,0.9477047084483142,0.9729934468433236,0.2641500324184791,0.972993446858978,0.9884085350495666,0.9930452974819687,0.9920069981196188,1.9347213608823257,1.2517406060131957,0.9664068989064467,0.9642535615094598,1.0,1.0,108.5374330089098
844,left,LCX,0.5,leaf3,5,True,True,0.38835228055737053,0.6731762907391591,0.29074370241142844,0.6731762907432634,0.9846948005888216,0.9830221217518776,0.9715121966243061,1.3105558404486874,1.1438733044946205,0.8988869598069362,0.947451747753169,1.0,1.0,84.11408997358224
844,left,LAD,0.5,leaf266,5,True,True,0.9477047084483142,0.9510759050016893,0.2641500324184791,0.95107590500525,0.9885214452506542,0.9930452974819687,0.9920679427245858,1.9347213608823257,1.2517406060131957,0.9671569360707125,0.9642535615094598,1.0,1.0,108.5374330089098
844,left,LCX,0.5,leaf266,5,True,True,0.38835228055737053,0.6884423909246926,0.29074370241142844,0.6884423909268986,0.984472963493447,0.9830221217518776,0.9709055906057837,1.3105558404486874,1.1438733044946205,0.8961393390556196,0.947451747753169,1.0,1.0,84.11408997358224
844,left,LAD,0.5,apport,5,True,True,0.9477047084483142,1.0096712357774587,0.2641500324184791,1.0096712357812034,0.9879800535026139,0.9930452974819687,0.9916992827357182,1.9347213608823257,1.2517406060131957,0.9644227212212589,0.9642535615094598,1.0,1.0,108.5374330089098
844,left,LCX,0.5,apport,5,True,True,0.38835228055737053,0.4967509097542686,0.29074370241142844,0.49675090975331687,0.9872585001314216,0.9830221217518776,0.9783797528033666,1.3105558404486874,1.1438733044946205,0.9296773887466099,0.947451747753169,1.0,1.0,84.11408997358224
844,left,LAD,0.5,origin,5,True,True,0.9477047084483142,0.5421292100152874,0.2641500324184791,0.5421292100404963,0.9897944256211894,0.9930452974819687,0.9933980473393027,1.9347213608823257,1.2517406060131957,0.9824152766550727,0.9642535615094598,1.0,1.0,108.5374330089098
844,left,LCX,0.5,origin,5,True,True,0.38835228055737053,0.4481184144276427,0.29074370241142844,0.44811841442829875,0.9879651961030014,0.9830221217518776,0.9803242444310739,1.3105558404486874,1.1438733044946205,0.9378375564375057,0.947451747753169,1.0,1.0,84.11408997358224
844,left,LAD,0.5,length,5,True,True,0.9477047084483142,1.1103202991494376,0.2641500324184791,1.1103202991644314,0.9877143727407137,0.9930452974819687,0.9917413551391425,1.9347213608823257,1.2517406060131957,0.9624207837079735,0.9642535615094598,1.0,1.0,108.5374330089098
844,left,LCX,0.5,length,5,True,True,0.38835228055737053,0.5858956223017698,0.29074370241142844,0.5858956223069054,0.9859631068183945,0.9830221217518776,0.9750384834817002,1.3105558404486874,1.1438733044946205,0.9146082111568099,0.947451747753169,1.0,1.0,84.11408997358224
844,left,LAD,0.6,share,5,True,True,0.9477047084483142,0.8673166686097659,0.2641500324184791,0.8673166686184797,0.9889012084805417,0.9930452974819687,0.9922884805853942,1.9347213608823257,1.2517406060131957,0.9700301721153829,0.9642535615094598,1.0,1.0,108.5374330089098
844,left,LCX,0.6,share,5,True,True,0.38835228055737053,0.7141986539367975,0.29074370241142844,0.7141986539363987,0.9840986901358977,0.9830221217518776,0.9698577608731059,1.3105558404486874,1.1438733044946205,0.891419714102027,0.947451747753169,1.0,1.0,77.86579615817126
844,left,LAD,0.6,leaf3,5,True,True,0.9477047084483142,0.8597887283665308,0.2641500324184791,0.8597887283878137,0.9889817325746388,0.9930452974819687,0.9923255868616376,1.9347213608823257,1.2517406060131957,0.9702384797350458,0.9642535615094598,1.0,1.0,108.5374330089098
844,left,LCX,0.6,leaf3,5,True,True,0.38835228055737053,0.7457355538785546,0.29074370241142844,0.7457355538829011,0.9836404163007797,0.9830221217518776,0.9686135801722896,1.3105558404486874,1.1438733044946205,0.8857157533382424,0.947451747753169,1.0,1.0,77.86579615817126
844,left,LAD,0.6,leaf266,5,True,True,0.9477047084483142,0.853073045279101,0.2641500324184791,0.8530730452772289,0.9890184043470114,0.9930452974819687,0.9923507897153985,1.9347213608823257,1.2517406060131957,0.9704967190013669,0.9642535615094598,1.0,1.0,108.5374330089098
844,left,LCX,0.6,leaf266,5,True,True,0.38835228055737053,0.7517204086476106,0.29074370241142844,0.7517204086450461,0.9835534482617235,0.9830221217518776,0.9683762573061827,1.3105558404486874,1.1438733044946205,0.8846270336800767,0.947451747753169,1.0,1.0,77.86579615817126
844,left,LAD,0.6,apport,5,True,True,0.9477047084483142,1.0159805795563899,0.2641500324184791,1.0159805795539862,0.9879504477231666,0.9930452974819687,0.9915635651319402,1.9347213608823257,1.2517406060131957,0.9631875839161981,0.9642535615094598,1.0,1.0,108.5374330089098
844,left,LCX,0.6,apport,5,True,True,0.38835228055737053,0.49418131750700856,0.29074370241142844,0.4941813175090854,0.987295839784173,0.9830221217518776,0.9784500082315603,1.3105558404486874,1.1438733044946205,0.9300653307949097,0.947451747753169,1.0,1.0,77.86579615817126
844,left,LAD,0.6,origin,5,True,True,0.9477047084483142,0.536819586934459,0.2641500324184791,0.5368195869546942,0.9898133846986147,0.9930452974819687,0.9934338915339802,1.9347213608823257,1.2517406060131957,0.9825951131736586,0.9642535615094598,1.0,1.0,108.5374330089098
844,left,LCX,0.6,origin,5,True,True,0.38835228055737053,0.44652947268224086,0.29074370241142844,0.4465294726815738,0.987988285576867,0.9830221217518776,0.980392452426574,1.3105558404486874,1.1438733044946205,0.938091713533336,0.947451747753169,1.0,1.0,77.86579615817126
844,left,LAD,0.6,length,5,True,True,0.9477047084483142,1.1052363356751125,0.2641500324184791,1.105236335690056,0.9877436093871317,0.9930452974819687,0.9917543007405742,1.9347213608823257,1.2517406060131957,0.9625794947169214,0.9642535615094598,1.0,1.0,108.5374330089098
844,left,LCX,0.6,length,5,True,True,0.38835228055737053,0.5913554548603158,0.29074370241142844,0.5913554548625339,0.9858837680624685,0.9830221217518776,0.9747744005562061,1.3105558404486874,1.1438733044946205,0.9134315020285418,0.947451747753169,1.0,1.0,77.86579615817126
844,left,LAD,0.75,share,5,True,True,0.9477047084483142,0.8743219348352262,0.2641500324184791,0.8743219348483237,0.9888695064146553,0.9930452974819687,0.9921100279803713,1.9347213608823257,1.2517406060131957,0.9686556482422203,0.9642535615094598,1.0,1.0,88.10937446864375
844,left,LCX,0.75,share,5,True,True,0.38835228055737053,0.7120821234773239,0.29074370241142844,0.7120821234862925,0.9841294461877299,0.9830221217518776,0.9697839264399779,1.3105558404486874,1.1438733044946205,0.8912300349820762,0.947451747753169,1.0,1.0,65.29167344599648
844,left,LAD,0.75,leaf3,5,True,True,0.9477047084483142,0.8043705815191776,0.2641500324184791,0.8043705815365987,0.9892851644592237,0.9930452974819687,0.9924175553019673,1.9347213608823257,1.2517406060131957,0.971566943511409,0.9642535615094598,1.0,1.0,88.10937446864375
844,left,LCX,0.75,leaf3,5,True,True,0.38835228055737053,0.7956359862669911,0.29074370241142844,0.7956359862699841,0.9829152954877479,0.9830221217518776,0.9664535121634453,1.3105558404486874,1.1438733044946205,0.8759163617037409,0.947451747753169,1.0,1.0,65.29167344599648
844,left,LAD,0.75,leaf266,5,True,True,0.9477047084483142,0.8046066163250163,0.2641500324184791,0.8046066163340236,0.9892846483624401,0.9930452974819687,0.9924171281769131,1.9347213608823257,1.2517406060131957,0.971558491505875,0.9642535615094598,1.0,1.0,88.10937446864375
844,left,LCX,0.75,leaf266,5,True,True,0.38835228055737053,0.7959124134628911,0.29074370241142844,0.7959124134605533,0.9829112786266039,0.9830221217518776,0.966442385660613,1.3105558404486874,1.1438733044946205,0.8758649225945129,0.947451747753169,1.0,1.0,65.29167344599648
844,left,LAD,0.75,apport,5,True,True,0.9477047084483142,1.0284433755296907,0.2641500324184791,1.0284433755224578,0.9878912428477331,0.9930452974819687,0.9912929176415133,1.9347213608823257,1.2517406060131957,0.9608477368941698,0.9642535615094598,1.0,1.0,88.10937446864375
844,left,LCX,0.75,apport,5,True,True,0.38835228055737053,0.48864906956092946,0.29074370241142844,0.48864906956285964,0.9873762308336839,0.9830221217518776,0.9785536893363364,1.3105558404486874,1.1438733044946205,0.9307084163313365,0.947451747753169,1.0,1.0,65.29167344599648
844,left,LAD,0.75,origin,5,True,True,0.9477047084483142,0.5376612644311596,0.2641500324184791,0.5376612644317386,0.989806233329779,0.9930452974819687,0.9933317425631938,1.9347213608823257,1.2517406060131957,0.9821882572124088,0.9642535615094598,1.0,1.0,88.10937446864375
844,left,LCX,0.75,origin,5,True,True,0.38835228055737053,0.4441698464127405,0.29074370241142844,0.44416984641628654,0.988022574139705,0.9830221217518776,0.9804026770294191,1.3105558404486874,1.1438733044946205,0.9382561456408705,0.947451747753169,1.0,1.0,65.29167344599648
844,left,LAD,0.75,length,5,True,True,0.9477047084483142,1.1274621839071202,0.2641500324184791,1.127462183928882,0.9876346569886031,0.9930452974819687,0.9913695642208926,1.9347213608823257,1.2517406060131957,0.9590482843606817,0.9642535615094598,1.0,1.0,88.10937446864375
844,left,LCX,0.75,length,5,True,True,0.38835228055737053,0.5793680083600943,0.29074370241142844,0.5793680083695256,0.9860579618826769,0.9830221217518776,0.9750914628709394,1.3105558404486874,1.1438733044946205,0.9151076258065713,0.947451747753169,1.0,1.0,65.29167344599648
844,left,LAD,0.9,share,5,True,True,0.9477047084483142,0.8823150037726183,0.2641500324184791,0.8823150037922021,0.9888308073977111,0.9930452974819687,0.991797947205041,1.9347213608823257,1.2517406060131957,0.9663237372014889,0.9642535615094598,1.0,1.0,54.43112221926576
844,left,LCX,0.9,share,5,True,True,0.38835228055737053,0.7080756170212079,0.29074370241142844,0.7080756170257316,0.9841876661486059,0.9830221217518776,0.9695848164972456,1.3105558404486874,1.1438733044946205,0.8906201179275933,0.947451747753169,1.0,1.0,52.724128019024434
844,left,LAD,0.9,leaf3,5,True,True,0.9477047084483142,0.8090710848509851,0.2641500324184791,0.8090710848479586,0.9892772594633419,0.9930452974819687,0.9921950975254967,1.9347213608823257,1.2517406060131957,0.9699980389015282,0.9642535615094598,1.0,1.0,54.43112221926576
844,left,LCX,0.9,leaf3,5,True,True,0.38835228055737053,0.8026354701758166,0.29074370241142844,0.8026354701808561,0.9828135835141909,0.9830221217518776,0.9657378125786069,1.3105558404486874,1.1438733044946205,0.8728849920439365,0.947451747753169,1.0,1.0,52.724128019024434
844,left,LAD,0.9,leaf266,5,True,True,0.9477047084483142,0.809316922460334,0.2641500324184791,0.8093169224695712,0.9892750964410575,0.9930452974819687,0.9921933301523718,1.9347213608823257,1.2517406060131957,0.9699854826173495,0.9642535615094598,1.0,1.0,54.43112221926576
844,left,LCX,0.9,leaf266,5,True,True,0.38835228055737053,0.8018995022646483,0.29074370241142844,0.8018995022675248,0.9828242781239617,0.9830221217518776,0.9657681283002195,1.3105558404486874,1.1438733044946205,0.8730247282840187,0.947451747753169,1.0,1.0,52.724128019024434
844,left,LAD,0.9,apport,5,True,True,0.9477047084483142,1.0369215622740395,0.2641500324184791,1.0369215623059476,0.9878506728105944,0.9930452974819687,0.9909160339923357,1.9347213608823257,1.2517406060131957,0.9577445028917094,0.9642535615094598,1.0,1.0,54.43112221926576
844,left,LCX,0.9,apport,5,True,True,0.38835228055737053,0.48470030378253764,0.29074370241142844,0.4847003037832303,0.9874336117443933,0.9830221217518776,0.9784940588015699,1.3105558404486874,1.1438733044946205,0.9307623266098738,0.947451747753169,1.0,1.0,52.724128019024434
844,left,LAD,0.9,origin,5,True,True,0.9477047084483142,0.54030190891212,0.2641500324184791,0.54030190892809,0.989792588884401,0.9930452974819687,0.9931306034915888,1.9347213608823257,1.2517406060131957,0.981453298159843,0.9642535615094598,1.0,1.0,54.43112221926576
844,left,LCX,0.9,origin,5,True,True,0.38835228055737053,0.44230479442828624,0.29074370241142844,0.4423047944303626,0.9880496758691594,0.9830221217518776,0.980296151745802,1.3105558404486874,1.1438733044946205,0.9380648181006388,0.947451747753169,1.0,1.0,52.724128019024434
844,left,LAD,0.9,length,5,True,True,0.9477047084483142,1.149853193448356,0.2641500324184791,1.149853193451972,0.9875225710131649,0.9930452974819687,0.9905899134711091,1.9347213608823257,1.2517406060131957,0.9519474837283797,0.9642535615094598,1.0,1.0,54.43112221926576
844,left,LCX,0.9,length,5,True,True,0.38835228055737053,0.5658276593816843,0.29074370241142844,0.5658276593815951,0.9862547214775975,0.9830221217518776,0.9753110487170679,1.3105558404486874,1.1438733044946205,0.9166796147053387,0.947451747753169,1.0,1.0,52.724128019024434
844,left,LAD,1.0,share,3,True,True,0.9477047084483142,0.8813900962879326,0.2641500324184791,0.8813900963002379,0.9888376021516684,0.9930452974819687,0.991742297382783,1.9347213608823257,1.2517406060131957,0.9660290593974127,0.9642535615094598,0.0,1.0,31.939788139312057
844,left,LCX,1.0,share,3,True,True,0.38835228055737053,0.7099985135469218,0.29074370241142844,0.709998513553328,0.9841597238597729,0.9830221217518776,0.9693722729535171,1.3105558404486874,1.1438733044946205,0.8897360678641192,0.947451747753169,0.0,1.0,42.160561173127036
844,left,LAD,1.0,leaf3,3,True,True,0.9477047084483142,0.6747198413144683,0.2641500324184791,0.6747198413061406,0.9896037487799096,0.9930452974819687,0.992584713494994,1.9347213608823257,1.2517406060131957,0.9758867125592151,0.9642535615094598,0.0,1.0,31.939788139312057
844,left,LCX,1.0,leaf3,3,True,True,0.38835228055737053,0.6659068149693931,0.29074370241142844,0.6659068149684467,0.9848004359094907,0.9830221217518776,0.9711922872168312,1.3105558404486874,1.1438733044946205,0.8979929911917752,0.947451747753169,0.0,1.0,42.160561173127036
844,left,LAD,1.0,leaf266,3,True,True,0.9477047084483142,0.6745125403657084,0.2641500324184791,0.674512540369626,0.9896047399451661,0.9930452974819687,0.9925857068722262,1.9347213608823257,1.2517406060131957,0.9758959272581442,0.9642535615094598,0.0,1.0,31.939788139312057
844,left,LCX,1.0,leaf266,3,True,True,0.38835228055737053,0.6660028522551369,0.29074370241142844,0.6660028522545116,0.9847990403577452,0.9830221217518776,0.971188410930861,1.3105558404486874,1.1438733044946205,0.8979751729940258,0.947451747753169,0.0,1.0,42.160561173127036
844,left,LAD,1.0,apport,3,True,True,0.9477047084483142,1.0828618153922078,0.2641500324184791,1.0828618154154808,0.9875467161393111,0.9930452974819687,0.9905730711390572,1.9347213608823257,1.2517406060131957,0.9545885623645338,0.9642535615094598,0.0,1.0,31.939788139312057
844,left,LCX,1.0,apport,3,True,True,0.38835228055737053,0.4103159043486581,0.29074370241142844,0.410315904349672,0.9885145177326318,0.9830221217518776,0.981343878671066,1.3105558404486874,1.1438733044946205,0.9430539897913576,0.947451747753169,0.0,1.0,42.160561173127036
844,left,LAD,1.0,origin,3,True,True,0.9477047084483142,0.2948586397457325,0.2641500324184791,0.2948586397725882,0.9912790884296817,0.9930452974819687,0.99434254706933,1.9347213608823257,1.2517406060131957,0.9896193056400174,0.9642535615094598,0.0,1.0,31.939788139312057
844,left,LCX,1.0,origin,3,True,True,0.38835228055737053,0.7531449269672637,0.29074370241142844,0.7531449269713327,0.9835327480827307,0.9830221217518776,0.967690316092973,1.3105558404486874,1.1438733044946205,0.8816740693552629,0.947451747753169,0.0,1.0,42.160561173127036
844,left,LAD,1.0,length,3,True,True,0.9477047084483142,0.7350209551088747,0.2641500324184791,0.735020955119594,0.9899668841182693,0.9930452974819687,0.9927382301624642,1.9347213608823257,1.2517406060131957,0.9735995981778437,0.9642535615094598,0.0,1.0,31.939788139312057
844,left,LCX,1.0,length,3,True,True,0.38835228055737053,1.048311973656958,0.29074370241142844,1.0483119736555477,0.9792435714441173,0.9830221217518776,0.9552735678060623,1.3105558404486874,1.1438733044946205,0.8251952395575141,0.947451747753169,0.0,1.0,42.160561173127036
686,right,RCA,0.5,share,1,True,True,1.8269498348235609,2.6105202281379714,1.0868829679989442,2.6105202281331965,0.9763469370430214,0.97657340647869,0.9837997457652085,1.4844039585951627,1.25209296660799,0.865214957321564,0.7939651709036989,0.0,0.0,97.48189244188417
686,right,RCA,0.5,leaf3,1,True,True,1.8269498348235609,2.6105202281379714,1.0868829679989442,2.6105202281331965,0.9763469370430216,0.97657340647869,0.9837997457652059,1.4844039585951627,1.25209296660799,0.865214957321564,0.7939651709036989,0.0,0.0,97.48189244188417
686,right,RCA,0.5,leaf266,1,True,True,1.8269498348235609,2.6105202281379714,1.0868829679989442,2.6105202281331965,0.9763469370430216,0.97657340647869,0.9837997457652059,1.4844039585951627,1.25209296660799,0.865214957321564,0.7939651709036989,0.0,0.0,97.48189244188417
686,right,RCA,0.5,apport,1,True,True,1.8269498348235609,2.6105202281379714,1.0868829679989442,2.6105202281331965,0.9763469370430216,0.97657340647869,0.9837997457652059,1.4844039585951627,1.25209296660799,0.865214957321564,0.7939651709036989,0.0,0.0,97.48189244188417
686,right,RCA,0.5,origin,1,True,True,1.8269498348235609,2.6105202281379714,1.0868829679989442,2.6105202281331965,0.9763469370430214,0.97657340647869,0.9837997457652085,1.4844039585951627,1.25209296660799,0.865214957321564,0.7939651709036989,0.0,0.0,97.48189244188417
686,right,RCA,0.5,length,1,True,True,1.8269498348235609,2.6105202281379714,1.0868829679989442,2.6105202281331965,0.9763469370430214,0.97657340647869,0.9837997457652085,1.4844039585951627,1.25209296660799,0.865214957321284,0.7939651709036989,0.0,0.0,97.48189244188417
686,right,RCA,0.6,share,1,True,True,1.8269498348235609,2.6105202281379714,1.0868829679989442,2.6105202281331965,0.9763469370430211,0.97657340647869,0.9838883335788597,1.4844039585951627,1.25209296660799,0.8662550153671683,0.7939651709036989,0.0,0.0,90.86645551502471
686,right,RCA,0.6,leaf3,1,True,True,1.8269498348235609,2.6105202281379714,1.0868829679989442,2.6105202281331965,0.9763469370430211,0.97657340647869,0.9838883335788597,1.4844039585951627,1.25209296660799,0.8662550153671683,0.7939651709036989,0.0,0.0,90.86645551502471
686,right,RCA,0.6,leaf266,1,True,True,1.8269498348235609,2.6105202281379714,1.0868829679989442,2.6105202281331965,0.9763469370430211,0.97657340647869,0.9838883335788597,1.4844039585951627,1.25209296660799,0.8662550153671802,0.7939651709036989,0.0,0.0,90.86645551502471
686,right,RCA,0.6,apport,1,True,True,1.8269498348235609,2.6105202281379714,1.0868829679989442,2.6105202281331965,0.9763469370430211,0.97657340647869,0.9838883335788597,1.4844039585951627,1.25209296660799,0.8662550153671802,0.7939651709036989,0.0,0.0,90.86645551502471
686,right,RCA,0.6,origin,1,True,True,1.8269498348235609,2.6105202281379714,1.0868829679989442,2.6105202281331965,0.9763469370430211,0.97657340647869,0.9838883335788597,1.4844039585951627,1.25209296660799,0.8662550153671683,0.7939651709036989,0.0,0.0,90.86645551502471
686,right,RCA,0.6,length,1,True,True,1.8269498348235609,2.6105202281379714,1.0868829679989442,2.6105202281331965,0.9763469370430217,0.97657340647869,0.9838883335788668,1.4844039585951627,1.25209296660799,0.866255015366521,0.7939651709036989,0.0,0.0,90.86645551502471
686,right,RCA,0.75,share,1,True,True,1.8269498348235609,2.6105202281379714,1.0868829679989442,2.6105202281331965,0.9763469370430211,0.97657340647869,0.9830725495151701,1.4844039585951627,1.25209296660799,0.8565953155111522,0.7939651709036989,0.0,0.0,74.52263517807911
686,right,RCA,0.75,leaf3,1,True,True,1.8269498348235609,2.6105202281379714,1.0868829679989442,2.6105202281331965,0.9763469370430211,0.97657340647869,0.9830725495151538,1.4844039585951627,1.25209296660799,0.8565953155100545,0.7939651709036989,0.0,0.0,74.52263517807911
686,right,RCA,0.75,leaf266,1,True,True,1.8269498348235609,2.6105202281379714,1.0868829679989442,2.6105202281331965,0.9763469370430223,0.97657340647869,0.9830725495151538,1.4844039585951627,1.25209296660799,0.8565953155100545,0.7939651709036989,0.0,0.0,74.52263517807911
686,right,RCA,0.75,apport,1,True,True,1.8269498348235609,2.6105202281379714,1.0868829679989442,2.6105202281331965,0.9763469370430211,0.97657340647869,0.9830725495151655,1.4844039585951627,1.25209296660799,0.8565953155111522,0.7939651709036989,0.0,0.0,74.52263517807911
686,right,RCA,0.75,origin,1,True,True,1.8269498348235609,2.6105202281379714,1.0868829679989442,2.6105202281331965,0.9763469370430211,0.97657340647869,0.9830725495151701,1.4844039585951627,1.25209296660799,0.8565953155111522,0.7939651709036989,0.0,0.0,74.52263517807911
686,right,RCA,0.75,length,1,True,True,1.8269498348235609,2.6105202281379714,1.0868829679989442,2.6105202281331965,0.9763469370430223,0.97657340647869,0.9830725495151538,1.4844039585951627,1.25209296660799,0.8565953155097771,0.7939651709036989,0.0,0.0,74.52263517807911
686,right,RCA,0.9,share,1,True,True,1.8269498348235609,2.6105202281379714,1.0868829679989442,2.6105202281331965,0.9763469370430233,0.97657340647869,0.9773055297936252,1.4844039585951627,1.25209296660799,0.7925060394113712,0.7939651709036989,0.0,0.0,58.589915354907745
686,right,RCA,0.9,leaf3,1,True,True,1.8269498348235609,2.6105202281379714,1.0868829679989442,2.6105202281331965,0.9763469370430233,0.97657340647869,0.9773055297936252,1.4844039585951627,1.25209296660799,0.7925060394113712,0.7939651709036989,0.0,0.0,58.589915354907745
686,right,RCA,0.9,leaf266,1,True,True,1.8269498348235609,2.6105202281379714,1.0868829679989442,2.6105202281331965,0.9763469370430211,0.97657340647869,0.9773055297936252,1.4844039585951627,1.25209296660799,0.7925060394113712,0.7939651709036989,0.0,0.0,58.589915354907745
686,right,RCA,0.9,apport,1,True,True,1.8269498348235609,2.6105202281379714,1.0868829679989442,2.6105202281331965,0.9763469370430233,0.97657340647869,0.9773055297936252,1.4844039585951627,1.25209296660799,0.7925060394113712,0.7939651709036989,0.0,0.0,58.589915354907745
686,right,RCA,0.9,origin,1,True,True,1.8269498348235609,2.6105202281379714,1.0868829679989442,2.6105202281331965,0.9763469370430233,0.97657340647869,0.9773055297936252,1.4844039585951627,1.25209296660799,0.7925060394113712,0.7939651709036989,0.0,0.0,58.589915354907745
686,right,RCA,0.9,length,1,True,True,1.8269498348235609,2.6105202281379714,1.0868829679989442,2.6105202281331965,0.9763469370430211,0.97657340647869,0.9773055297936252,1.4844039585951627,1.25209296660799,0.7925060394112494,0.7939651709036989,0.0,0.0,58.589915354907745
686,right,RCA,1.0,share,1,True,True,1.8269498348235609,2.6105202281379714,1.0868829679989442,2.6105202281331965,0.9763469370430206,0.97657340647869,0.9690647133778437,1.4844039585951627,1.25209296660799,0.7144023429678441,0.7939651709036989,0.0,0.0,47.50006840462813
686,right,RCA,1.0,leaf3,1,True,True,1.8269498348235609,2.6105202281379714,1.0868829679989442,2.6105202281331965,0.9763469370430257,0.97657340647869,0.9690647133778437,1.4844039585951627,1.25209296660799,0.7144023429678441,0.7939651709036989,0.0,0.0,47.50006840462813
686,right,RCA,1.0,leaf266,1,True,True,1.8269498348235609,2.6105202281379714,1.0868829679989442,2.6105202281331965,0.9763469370430206,0.97657340647869,0.9690647133778437,1.4844039585951627,1.25209296660799,0.7144023429678441,0.7939651709036989,0.0,0.0,47.50006840462813
686,right,RCA,1.0,apport,1,True,True,1.8269498348235609,2.6105202281379714,1.0868829679989442,2.6105202281331965,0.9763469370430206,0.97657340647869,0.9690647133778437,1.4844039585951627,1.25209296660799,0.7144023429678441,0.7939651709036989,0.0,0.0,47.50006840462813
686,right,RCA,1.0,origin,1,True,True,1.8269498348235609,2.6105202281379714,1.0868829679989442,2.6105202281331965,0.9763469370430206,0.97657340647869,0.9690647133778437,1.4844039585951627,1.25209296660799,0.7144023429678441,0.7939651709036989,0.0,0.0,47.50006840462813
686,right,RCA,1.0,length,1,True,True,1.8269498348235609,2.6105202281379714,1.0868829679989442,2.6105202281331965,0.9763469370430257,0.97657340647869,0.9690647133778338,1.4844039585951627,1.25209296660799,0.7144023429678441,0.7939651709036989,0.0,0.0,47.50006840462813
80,right,RCA,0.5,share,2,True,True,0.7545507200410574,0.8256391804278874,0.671680662870733,0.8256391804219225,0.9783005641905904,0.9529489904063432,0.9483204833742679,1.1049418052492512,1.064887051519798,0.8120415738109059,0.8203966353188965,1.0,1.0,142.81600503237442
80,right,RCA,0.5,leaf3,2,True,True,0.7545507200410574,0.8256391804288696,0.671680662870733,0.8256391804232142,0.9783005641905665,0.9529489904063432,0.9467442836978386,1.1049418052492512,1.064887051519798,0.8064751891029907,0.8203966353188965,1.0,1.0,142.81600503237442
80,right,RCA,0.5,leaf266,2,True,True,0.7545507200410574,0.8256391804283785,0.671680662870733,0.8256391804225683,0.97830056419058,0.9529489904063432,0.9467329196516003,1.1049418052492512,1.064887051519798,0.8064352416716182,0.8203966353188965,1.0,1.0,142.81600503237442
80,right,RCA,0.5,apport,2,True,True,0.7545507200410574,0.8256391804288696,0.671680662870733,0.8256391804232142,0.9783005641905671,0.9529489904063432,0.9474048207000134,1.1049418052492512,1.064887051519798,0.8088016987272407,0.8203966353188965,1.0,1.0,142.81600503237442
80,right,RCA,0.5,origin,2,True,True,0.7545507200410574,0.8256391804278874,0.671680662870733,0.8256391804219225,0.9783005641905904,0.9529489904063432,0.9483204833742679,1.1049418052492512,1.064887051519798,0.8120415738109059,0.8203966353188965,1.0,1.0,142.81600503237442
80,right,RCA,0.5,length,2,True,True,0.7545507200410574,0.8256391804288696,0.671680662870733,0.8256391804232142,0.9783005641905665,0.9529489904063432,0.9471759310703766,1.1049418052492512,1.064887051519798,0.8079945014571716,0.8203966353188965,1.0,1.0,142.81600503237442
80,right,RCA,0.6,share,1,True,True,0.7545507200410574,0.8256391804288696,0.671680662870733,0.8256391804232142,0.9783005641905667,0.9529489904063432,0.9491174239494131,1.1049418052492512,1.064887051519798,0.8148752696258734,0.8203966353188965,0.0,1.0,131.2917910524783
80,right,RCA,0.6,leaf3,1,True,True,0.7545507200410574,0.8256391804288696,0.671680662870733,0.8256391804232142,0.9783005641905667,0.9529489904063432,0.9491174239494131,1.1049418052492512,1.064887051519798,0.8148752696258731,0.8203966353188965,0.0,1.0,131.2917910524783
80,right,RCA,0.6,leaf266,1,True,True,0.7545507200410574,0.8256391804288696,0.671680662870733,0.8256391804232142,0.9783005641905657,0.9529489904063432,0.9491174239494563,1.1049418052492512,1.064887051519798,0.8148752696256817,0.8203966353188965,0.0,1.0,131.2917910524783
80,right,RCA,0.6,apport,1,True,True,0.7545507200410574,0.8256391804288696,0.671680662870733,0.8256391804232142,0.9783005641905667,0.9529489904063432,0.9491174239494131,1.1049418052492512,1.064887051519798,0.8148752696258734,0.8203966353188965,0.0,1.0,131.2917910524783
80,right,RCA,0.6,origin,1,True,True,0.7545507200410574,0.8256391804288696,0.671680662870733,0.8256391804232142,0.9783005641905667,0.9529489904063432,0.9491174239494131,1.1049418052492512,1.064887051519798,0.8148752696258731,0.8203966353188965,0.0,1.0,131.2917910524783
80,right,RCA,0.6,length,1,True,True,0.7545507200410574,0.8256391804288696,0.671680662870733,0.8256391804232142,0.9783005641905658,0.9529489904063432,0.9491174239494563,1.1049418052492512,1.064887051519798,0.8148752696256817,0.8203966353188965,0.0,1.0,131.2917910524783
80,right,RCA,0.75,share,1,True,True,0.7545507200410574,0.8256391804288696,0.671680662870733,0.8256391804232142,0.978300564190565,0.9529489904063432,0.947199163869905,1.1049418052492512,1.064887051519798,0.8080763847627673,0.8203966353188965,0.0,1.0,106.24169137905112
80,right,RCA,0.75,leaf3,1,True,True,0.7545507200410574,0.8256391804288696,0.671680662870733,0.8256391804232142,0.978300564190565,0.9529489904063432,0.947199163869905,1.1049418052492512,1.064887051519798,0.8080763847627673,0.8203966353188965,0.0,1.0,106.24169137905112
80,right,RCA,0.75,leaf266,1,True,True,0.7545507200410574,0.8256391804283785,0.671680662870733,0.8256391804225683,0.9783005641905687,0.9529489904063432,0.9471991638701676,1.1049418052492512,1.064887051519798,0.8080763847627453,0.8203966353188965,0.0,1.0,106.24169137905112
80,right,RCA,0.75,apport,1,True,True,0.7545507200410574,0.8256391804283785,0.671680662870733,0.8256391804225683,0.9783005641905687,0.9529489904063432,0.9471991638701676,1.1049418052492512,1.064887051519798,0.8080763847627453,0.8203966353188965,0.0,1.0,106.24169137905112
80,right,RCA,0.75,origin,1,True,True,0.7545507200410574,0.8256391804283785,0.671680662870733,0.8256391804225683,0.9783005641905687,0.9529489904063432,0.9471991638701676,1.1049418052492512,1.064887051519798,0.8080763847627453,0.8203966353188965,0.0,1.0,106.24169137905112
80,right,RCA,0.75,length,1,True,True,0.7545507200410574,0.8256391804288696,0.671680662870733,0.8256391804232142,0.978300564190565,0.9529489904063432,0.947199163869905,1.1049418052492512,1.064887051519798,0.8080763847627673,0.8203966353188965,0.0,1.0,106.24169137905112
80,right,RCA,0.9,share,1,True,True,0.7545507200410574,0.8256391804283785,0.671680662870733,0.8256391804225683,0.978300564190569,0.9529489904063432,0.9469949089061099,1.1049418052492512,1.064887051519798,0.807356873689059,0.8203966353188965,0.0,1.0,102.0767018922886
80,right,RCA,0.9,leaf3,1,True,True,0.7545507200410574,0.8256391804283785,0.671680662870733,0.8256391804225683,0.978300564190569,0.9529489904063432,0.9469949089061099,1.1049418052492512,1.064887051519798,0.807356873689059,0.8203966353188965,0.0,1.0,102.0767018922886
80,right,RCA,0.9,leaf266,1,True,True,0.7545507200410574,0.8256391804283785,0.671680662870733,0.8256391804225683,0.978300564190569,0.9529489904063432,0.9469949089061099,1.1049418052492512,1.064887051519798,0.807356873689059,0.8203966353188965,0.0,1.0,102.0767018922886
80,right,RCA,0.9,apport,1,True,True,0.7545507200410574,0.8256391804283785,0.671680662870733,0.8256391804225683,0.978300564190569,0.9529489904063432,0.9469949089061099,1.1049418052492512,1.064887051519798,0.807356873689059,0.8203966353188965,0.0,1.0,102.0767018922886
80,right,RCA,0.9,origin,1,True,True,0.7545507200410574,0.8256391804283785,0.671680662870733,0.8256391804225683,0.978300564190569,0.9529489904063432,0.9469949089061099,1.1049418052492512,1.064887051519798,0.807356873689059,0.8203966353188965,0.0,1.0,102.0767018922886
80,right,RCA,0.9,length,1,True,True,0.7545507200410574,0.8256391804283785,0.671680662870733,0.8256391804225683,0.978300564190569,0.9529489904063432,0.9469949089061099,1.1049418052492512,1.064887051519798,0.807356873689059,0.8203966353188965,0.0,1.0,102.0767018922886
80,right,RCA,1.0,share,1,True,True,0.7545507200410574,0.8256391804293607,0.671680662870733,0.8256391804232142,0.9783005641905518,0.9529489904063432,0.9431505707593052,1.1049418052492512,1.064887051519798,0.7951284851633488,0.8203966353188965,0.0,1.0,60.898770016753836
80,right,RCA,1.0,leaf3,1,True,True,0.7545507200410574,0.8256391804288696,0.671680662870733,0.8256391804232142,0.9783005641905679,0.9529489904063432,0.9431505707593052,1.1049418052492512,1.064887051519798,0.7951284851633488,0.8203966353188965,0.0,1.0,60.898770016753836
80,right,RCA,1.0,leaf266,1,True,True,0.7545507200410574,0.8256391804293607,0.671680662870733,0.8256391804232142,0.9783005641905518,0.9529489904063432,0.9431505707593052,1.1049418052492512,1.064887051519798,0.7951284851633488,0.8203966353188965,0.0,1.0,60.898770016753836
80,right,RCA,1.0,apport,1,True,True,0.7545507200410574,0.8256391804293607,0.671680662870733,0.8256391804232142,0.9783005641905518,0.9529489904063432,0.9431505707593052,1.1049418052492512,1.064887051519798,0.7951284851633488,0.8203966353188965,0.0,1.0,60.898770016753836
80,right,RCA,1.0,origin,1,True,True,0.7545507200410574,0.8256391804293607,0.671680662870733,0.8256391804232142,0.9783005641905518,0.9529489904063432,0.9431505707593052,1.1049418052492512,1.064887051519798,0.7951284851633488,0.8203966353188965,0.0,1.0,60.898770016753836
80,right,RCA,1.0,length,1,True,True,0.7545507200410574,0.8256391804293607,0.671680662870733,0.8256391804232142,0.9783005641905518,0.9529489904063432,0.9431505707593052,1.1049418052492512,1.064887051519798,0.7951284851633488,0.8203966353188965,0.0,1.0,60.898770016753836
3,left,LAD,0.5,share,6,True,True,0.5482206650476358,0.5045375292402081,0.19036789380464897,0.24971802901341852,0.9780261350200324,0.9734073497661377,0.9747560609343721,1.0038986011356377,0.8795800767261762,0.8598696910969928,0.844036637216716,1.0,1.0,111.68496386217438
3,left,LCX,0.5,share,6,True,True,0.3402724021404799,0.5781340306134793,0.21460358981361619,0.4092512135622396,0.9702626163411021,0.9764864538478468,0.9616502146859994,0.8862785901344664,0.9116842572815144,0.8854445978035792,0.9357113414993022,1.0,1.0,96.50504005176872
3,left,LAD,0.5,leaf3,6,True,True,0.5482206650476358,0.6687786982653433,0.19036789380464897,0.3999195057735431,0.9699259143905932,0.9734073497661377,0.9658201780115682,1.0038986011356377,0.8795800767261762,0.8093719699608773,0.844036637216716,1.0,1.0,111.68496386217438
3,left,LCX,0.5,leaf3,6,True,True,0.3402724021404799,0.4563714189194108,0.21460358981361619,0.3480357911818547,0.9755744101744352,0.9764864538478468,0.9681808856252153,0.8862785901344664,0.9116842572815144,0.91201095145276,0.9357113414993022,1.0,1.0,96.50504005176872
3,left,LAD,0.5,leaf266,6,True,True,0.5482206650476358,0.6496929368053734,0.19036789380464897,0.3811668381391551,0.970768196833475,0.9734073497661377,0.9666795205316276,1.0038986011356377,0.8795800767261762,0.8148484547764071,0.844036637216716,1.0,1.0,111.68496386217438
3,left,LCX,0.5,leaf266,6,True,True,0.3402724021404799,0.4569750163857707,0.21460358981361619,0.3369118862442355,0.9757806999608051,0.9764864538478468,0.9686425523202901,0.8862785901344664,0.9116842572815144,0.9119919042416275,0.9357113414993022,1.0,1.0,96.50504005176872
3,left,LAD,0.5,apport,6,True,True,0.5482206650476358,0.7293866108889455,0.19036789380464897,0.395021369953962,0.9688862308502021,0.9734073497661377,0.9646734142309404,1.0038986011356377,0.8795800767261762,0.7908754358877055,0.844036637216716,1.0,1.0,111.68496386217438
3,left,LCX,0.5,apport,6,True,True,0.3402724021404799,0.47319298152053263,0.21460358981361619,0.34282540184939064,0.9753200290310684,0.9764864538478468,0.9680716265456382,0.8862785901344664,0.9116842572815144,0.9087151942009911,0.9357113414993022,1.0,1.0,96.50504005176872
3,left,LAD,0.5,origin,6,True,True,0.5482206650476358,0.6126774352667265,0.19036789380464897,0.30256452356396596,0.9735238311851513,0.9734073497661377,0.9695364409008079,1.0038986011356377,0.8795800767261762,0.8252740226197499,0.844036637216716,1.0,1.0,111.68496386217438
3,left,LCX,0.5,origin,6,True,True,0.3402724021404799,0.5323276379006622,0.21460358981361619,0.37736146907569923,0.9727623934897613,0.9764864538478468,0.9647952928301743,0.8862785901344664,0.9116842572815144,0.8958766293167285,0.9357113414993022,1.0,1.0,96.50504005176872
3,left,LAD,0.5,length,6,True,True,0.5482206650476358,0.674338303049355,0.19036789380464897,0.4787153177611253,0.9679544089168607,0.9734073497661377,0.9640451411570398,1.0038986011356377,0.8795800767261762,0.8099557087544985,0.844036637216716,1.0,1.0,111.68496386217438
3,left,LCX,0.5,length,6,True,True,0.3402724021404799,0.5181042040630425,0.21460358981361619,0.43129675382087745,0.9720213249923917,0.9764864538478468,0.9629230230340851,0.8862785901344664,0.9116842572815144,0.8988360540670983,0.9357113414993022,1.0,1.0,96.50504005176872
3,left,LAD,0.6,share,6,True,True,0.5482206650476358,0.5035489256003858,0.19036789380464897,0.24923376649480258,0.9780577840335086,0.9734073497661377,0.9747915028793402,1.0038986011356377,0.8795800767261762,0.860175909896564,0.844036637216716,1.0,1.0,111.68496386217438
3,left,LCX,0.6,share,6,True,True,0.3402724021404799,0.5786045680887174,0.21460358981361619,0.40846475638679297,0.9702664007731353,0.9764864538478468,0.9616592704041952,0.8862785901344664,0.9116842572815144,0.8852493642171101,0.9357113414993022,1.0,1.0,96.50504005176872
3,left,LAD,0.6,leaf3,6,True,True,0.5482206650476358,0.6194687563088533,0.19036789380464897,0.3709628298467642,0.9716729199884819,0.9734073497661377,0.9676586769468419,1.0038986011356377,0.8795800767261762,0.82404439737792,0.844036637216716,1.0,1.0,111.68496386217438
3,left,LCX,0.6,leaf3,6,True,True,0.3402724021404799,0.49563015480984374,0.21460358981361619,0.32178349091843944,0.9750289283726417,0.9764864538478468,0.9682907215759222,0.8862785901344664,0.9116842572815144,0.9040784628502709,0.9357113414993022,1.0,1.0,96.50504005176872
3,left,LAD,0.6,leaf266,6,True,True,0.5482206650476358,0.6039915064837772,0.19036789380464897,0.35481349922648586,0.9723784812615195,0.9734073497661377,0.9683851502745291,1.0038986011356377,0.8795800767261762,0.8285522779832971,0.844036637216716,1.0,1.0,111.68496386217438
3,left,LCX,0.6,leaf266,6,True,True,0.3402724021404799,0.4945684311624673,0.21460358981361619,0.3126861252066645,0.9752394740527941,0.9764864538478468,0.9687127593564762,0.8862785901344664,0.9116842572815144,0.9043952569547097,0.9357113414993022,1.0,1.0,96.50504005176872
3,left,LAD,0.6,apport,6,True,True,0.5482206650476358,0.7278878115023737,0.19036789380464897,0.39422474603724994,0.9689389624727487,0.9734073497661377,0.9647278114979179,1.0038986011356377,0.8795800767261762,0.7913147086236841,0.844036637216716,1.0,1.0,111.68496386217438
3,left,LCX,0.6,apport,6,True,True,0.3402724021404799,0.47935025800908176,0.21460358981361619,0.33157923764002933,0.9754080511976406,0.9764864538478468,0.968421552329657,0.8862785901344664,0.9116842572815144,0.9075169075918599,0.9357113414993022,1.0,1.0,96.50504005176872
3,left,LAD,0.6,origin,6,True,True,0.5482206650476358,0.6113523111645203,0.19036789380464897,0.30191835294835095,0.9735607267866513,0.9734073497661377,0.9695769656966882,1.0038986011356377,0.8795800767261762,0.8256729668788643,0.844036637216716,1.0,1.0,111.68496386217438
3,left,LCX,0.6,origin,6,True,True,0.3402724021404799,0.5325147240817253,0.21460358981361619,0.37655451089485453,0.9727756768587006,0.9764864538478468,0.9648164539609173,0.8862785901344664,0.9116842572815144,0.895764556876621,0.9357113414993022,1.0,1.0,96.50504005176872
3,left,LAD,0.6,length,6,True,True,0.5482206650476358,0.6735836178573358,0.19036789380464897,0.47819070421970233,0.9679773127115123,0.9734073497661377,0.9640682890034884,1.0038986011356377,0.8795800767261762,0.8101659247695204,0.844036637216716,1.0,1.0,111.68496386217438
3,left,LCX,0.6,length,6,True,True,0.3402724021404799,0.5179403507933087,0.21460358981361619,0.43081595636673176,0.9720372913877563,0.9764864538478468,0.9629457232816746,0.8862785901344664,0.9116842572815144,0.8988472323633522,0.9357113414993022,1.0,1.0,96.50504005176872
3,left,LAD,0.75,share,3,True,True,0.5482206650476358,0.6522058279137307,0.19036789380464897,0.31978394563844975,0.9736565921637733,0.9734073497661377,0.9703386891863484,1.0038986011356377,0.8795800767261762,0.8150905101663416,0.844036637216716,1.0,1.0,111.68496386217438
3,left,LCX,0.75,share,3,True,True,0.3402724021404799,0.7977223757687048,0.21460358981361619,0.7977223757687502,0.9557050724226676,0.9764864538478468,0.9413214068430217,0.8862785901344664,0.9116842572815144,0.846885655225746,0.9357113414993022,0.0,1.0,96.50504005176872
3,left,LAD,0.75,leaf3,3,True,True,0.5482206650476358,0.9900924032629088,0.19036789380464897,0.5222230250645064,0.960241135333308,0.9734073497661377,0.9557338813947148,1.0038986011356377,0.8795800767261762,0.7186440669735743,0.844036637216716,1.0,1.0,111.68496386217438
3,left,LCX,0.75,leaf3,3,True,True,0.3402724021404799,0.4598358004207724,0.21460358981361619,0.45983580042268346,0.9735413223646032,0.9764864538478468,0.963789293791088,0.8862785901344664,0.9116842572815144,0.9113693160443661,0.9357113414993022,0.0,1.0,96.50504005176872
3,left,LAD,0.75,leaf266,3,True,True,0.5482206650476358,0.9879330938755168,0.19036789380464897,0.5163963498309166,0.9604377939297047,0.9734073497661377,0.9559213921968256,1.0038986011356377,0.8795800767261762,0.7190702547951108,0.844036637216716,1.0,1.0,111.68496386217438
3,left,LCX,0.75,leaf266,3,True,True,0.3402724021404799,0.46199510981143904,0.21460358981361619,0.46199510981169795,0.9734273374217469,0.9764864538478468,0.9636351234423511,0.8862785901344664,0.9116842572815144,0.9109331040193576,0.9357113414993022,0.0,1.0,96.50504005176872
3,left,LAD,0.75,apport,3,True,True,0.5482206650476358,0.8723781073892052,0.19036789380464897,0.4422967415704033,0.9651448859454739,0.9734073497661377,0.9609333094979248,1.0038986011356377,0.8795800767261762,0.75012812071316,0.844036637216716,1.0,1.0,111.68496386217438
3,left,LCX,0.75,apport,3,True,True,0.3402724021404799,0.5775500962993999,0.21460358981361619,0.5775500962993504,0.9673274572506644,0.9764864538478468,0.9556136074394502,0.8862785901344664,0.9116842572815144,0.8879603076497393,0.9357113414993022,0.0,1.0,96.50504005176872
3,left,LAD,0.75,origin,3,True,True,0.5482206650476358,0.902111630489861,0.19036789380464897,0.4388886412409733,0.9644836762039013,0.9734073497661377,0.9601410651693549,1.0038986011356377,0.8795800767261762,0.7414034394526682,0.844036637216716,1.0,1.0,111.68496386217438
3,left,LCX,0.75,origin,3,True,True,0.3402724021404799,0.5478165731949732,0.21460358981361619,0.5478165731951834,0.9688970210878818,0.9764864538478468,0.9576404862940766,0.8862785901344664,0.9116842572815144,0.8937965298880175,0.9357113414993022,0.0,1.0,96.50504005176872
3,left,LAD,0.75,length,3,True,True,0.5482206650476358,0.8851998851164269,0.19036789380464897,0.6224283897958675,0.9604158225676775,0.9734073497661377,0.9567861309300657,1.0038986011356377,0.8795800767261762,0.7527931912629642,0.844036637216716,1.0,1.0,111.68496386217438
3,left,LCX,0.75,length,3,True,True,0.3402724021404799,0.5647283185702463,0.21460358981361619,0.5647283185691915,0.9680042892084003,0.9764864538478468,0.9565358550741005,0.8862785901344664,0.9116842572815144,0.8905156884855121,0.9357113414993022,0.0,1.0,96.50504005176872
3,left,LAD,0.9,share,2,False,True,0.5482206650476358,0.607294365891032,0.19036789380464897,,,0.9734073497661377,,1.0038986011356377,0.8795800767261762,,,,,
3,left,LCX,0.9,share,2,False,False,0.3402724021404799,,0.21460358981361619,,,0.9764864538478468,,0.8862785901344664,0.9116842572815144,,,,,
3,left,LAD,0.9,leaf3,2,False,True,0.5482206650476358,0.6000154550240813,0.19036789380464897,,,0.9734073497661377,,1.0038986011356377,0.8795800767261762,,,,,
3,left,LCX,0.9,leaf3,2,False,False,0.3402724021404799,,0.21460358981361619,,,0.9764864538478468,,0.8862785901344664,0.9116842572815144,,,,,
3,left,LAD,0.9,leaf266,2,False,True,0.5482206650476358,0.6135452101859558,0.19036789380464897,,,0.9734073497661377,,1.0038986011356377,0.8795800767261762,,,,,
3,left,LCX,0.9,leaf266,2,False,False,0.3402724021404799,,0.21460358981361619,,,0.9764864538478468,,0.8862785901344664,0.9116842572815144,,,,,
3,left,LAD,0.9,apport,2,False,True,0.5482206650476358,0.7300045924738341,0.19036789380464897,,,0.9734073497661377,,1.0038986011356377,0.8795800767261762,,,,,
3,left,LCX,0.9,apport,2,False,False,0.3402724021404799,,0.21460358981361619,,,0.9764864538478468,,0.8862785901344664,0.9116842572815144,,,,,
3,left,LAD,0.9,origin,2,False,True,0.5482206650476358,0.7300045924738341,0.19036789380464897,,,0.9734073497661377,,1.0038986011356377,0.8795800767261762,,,,,
3,left,LCX,0.9,origin,2,False,False,0.3402724021404799,,0.21460358981361619,,,0.9764864538478468,,0.8862785901344664,0.9116842572815144,,,,,
3,left,LAD,0.9,length,2,False,True,0.5482206650476358,0.7196623958157388,0.19036789380464897,,,0.9734073497661377,,1.0038986011356377,0.8795800767261762,,,,,
3,left,LCX,0.9,length,2,False,False,0.3402724021404799,,0.21460358981361619,,,0.9764864538478468,,0.8862785901344664,0.9116842572815144,,,,,
3,left,LAD,1.0,share,2,False,True,0.5482206650476358,0.6079890127623725,0.19036789380464897,,,0.9734073497661377,,1.0038986011356377,0.8795800767261762,,,,,
3,left,LCX,1.0,share,2,False,False,0.3402724021404799,,0.21460358981361619,,,0.9764864538478468,,0.8862785901344664,0.9116842572815144,,,,,
3,left,LAD,1.0,leaf3,2,False,True,0.5482206650476358,0.7007176332986231,0.19036789380464897,,,0.9734073497661377,,1.0038986011356377,0.8795800767261762,,,,,
3,left,LCX,1.0,leaf3,2,False,False,0.3402724021404799,,0.21460358981361619,,,0.9764864538478468,,0.8862785901344664,0.9116842572815144,,,,,
3,left,LAD,1.0,leaf266,2,False,True,0.5482206650476358,0.7031545032481006,0.19036789380464897,,,0.9734073497661377,,1.0038986011356377,0.8795800767261762,,,,,
3,left,LCX,1.0,leaf266,2,False,False,0.3402724021404799,,0.21460358981361619,,,0.9764864538478468,,0.8862785901344664,0.9116842572815144,,,,,
3,left,LAD,1.0,apport,2,False,True,0.5482206650476358,0.730863521938215,0.19036789380464897,,,0.9734073497661377,,1.0038986011356377,0.8795800767261762,,,,,
3,left,LCX,1.0,apport,2,False,False,0.3402724021404799,,0.21460358981361619,,,0.9764864538478468,,0.8862785901344664,0.9116842572815144,,,,,
3,left,LAD,1.0,origin,2,False,True,0.5482206650476358,0.730863521938215,0.19036789380464897,,,0.9734073497661377,,1.0038986011356377,0.8795800767261762,,,,,
3,left,LCX,1.0,origin,2,False,False,0.3402724021404799,,0.21460358981361619,,,0.9764864538478468,,0.8862785901344664,0.9116842572815144,,,,,
3,left,LAD,1.0,length,2,False,True,0.5482206650476358,0.7205090283962524,0.19036789380464897,,,0.9734073497661377,,1.0038986011356377,0.8795800767261762,,,,,
3,left,LCX,1.0,length,2,False,False,0.3402724021404799,,0.21460358981361619,,,0.9764864538478468,,0.8862785901344664,0.9116842572815144,,,,,
