scan,side,cut_mm,ok,n_outlets,single_outlet,n_slots,n_slots_with_deletable
3,left,0.6,True,6,False,4,2
3,left,0.75,True,3,False,4,1
3,left,1.0,True,2,False,0,0
3,right,0.6,True,2,False,4,4
3,right,0.75,True,1,True,4,0
3,right,1.0,True,1,True,4,0
14,left,0.6,True,6,False,4,2
14,left,0.75,True,4,False,4,0
14,left,1.0,True,3,False,0,0
42,right,0.6,True,3,False,4,4
42,right,0.75,True,2,False,4,4
42,right,1.0,True,1,True,4,0
43,left,0.6,True,8,False,8,6
43,left,0.75,True,7,False,8,6
43,left,1.0,True,3,False,6,2
45,left,0.6,True,9,False,6,6
45,left,0.75,True,6,False,6,4
45,left,1.0,True,3,False,2,1
52,left,0.6,True,8,False,8,8
52,left,0.75,True,7,False,8,8
52,left,1.0,True,3,False,5,0
69,left,0.6,True,4,False,6,2
69,left,0.75,True,4,False,6,2
69,left,1.0,True,2,False,2,0
69,right,0.6,True,2,False,4,4
69,right,0.75,True,2,False,4,4
69,right,1.0,True,2,False,4,4
85,right,0.6,True,1,True,4,0
85,right,0.75,True,1,True,4,0
85,right,1.0,True,1,True,1,0
87,right,0.6,True,1,True,4,0
87,right,0.75,True,1,True,4,0
87,right,1.0,True,1,True,3,0
88,right,0.6,True,2,False,4,4
88,right,0.75,True,1,True,4,0
88,right,1.0,True,1,True,2,0
95,left,0.6,True,6,False,4,4
95,left,0.75,True,6,False,4,4
95,left,1.0,True,2,False,0,0
95,right,0.6,True,1,True,4,0
95,right,0.75,True,1,True,4,0
95,right,1.0,True,1,True,4,0
102,left,0.6,True,6,False,6,3
102,left,0.75,True,6,False,6,3
102,left,1.0,True,5,False,4,1
112,right,0.6,True,1,True,4,0
112,right,0.75,True,1,True,4,0
112,right,1.0,True,1,True,3,0
125,right,0.6,True,3,False,4,4
125,right,0.75,True,3,False,4,4
125,right,1.0,True,1,True,4,0
129,left,0.6,True,6,False,5,5
129,left,0.75,True,6,False,5,5
129,left,1.0,True,3,False,3,0
138,left,0.6,True,5,False,4,2
138,left,0.75,True,5,False,4,2
138,left,1.0,True,2,False,4,0
139,right,0.6,True,2,False,4,4
139,right,0.75,True,2,False,4,4
139,right,1.0,True,1,True,4,0
151,left,0.6,True,7,False,8,8
151,left,0.75,True,7,False,8,8
151,left,1.0,True,4,False,8,4
196,left,0.6,True,3,False,2,2
196,left,0.75,True,3,False,2,2
196,left,1.0,True,1,True,2,0
211,left,0.6,True,5,False,4,4
211,left,0.75,True,2,False,4,0
211,left,1.0,True,2,False,2,0
211,right,0.6,True,2,False,4,4
211,right,0.75,True,1,True,4,0
211,right,1.0,True,1,True,4,0
244,left,0.6,True,3,False,2,0
244,left,0.75,True,3,False,2,0
244,left,1.0,True,2,False,0,0
252,left,0.6,True,4,False,2,2
252,left,0.75,True,3,False,2,0
252,left,1.0,True,3,False,0,0
272,left,0.6,True,6,False,0,0
272,left,0.75,True,3,False,0,0
272,left,1.0,True,2,False,0,0
272,right,0.6,True,3,False,4,4
272,right,0.75,True,3,False,4,4
272,right,1.0,True,1,True,4,0
273,left,0.6,True,7,False,8,6
273,left,0.75,True,6,False,8,6
273,left,1.0,True,3,False,4,0
274,left,0.6,True,6,False,4,0
274,left,0.75,True,4,False,4,0
274,left,1.0,True,2,False,3,0
280,left,0.6,True,6,False,2,0
280,left,0.75,True,6,False,2,0
280,left,1.0,True,2,False,0,0
306,left,0.6,True,6,False,6,4
306,left,0.75,True,6,False,6,4
306,left,1.0,True,3,False,4,1
324,left,0.6,True,6,False,5,3
324,left,0.75,True,4,False,5,3
324,left,1.0,True,2,False,2,0
324,right,0.6,True,4,False,2,2
324,right,0.75,True,2,False,2,2
324,right,1.0,True,1,True,2,0
328,left,0.6,True,5,False,4,4
328,left,0.75,True,4,False,4,2
328,left,1.0,True,2,False,2,0
335,left,0.6,True,4,False,8,2
335,left,0.75,True,4,False,7,2
335,left,1.0,True,3,False,5,2
335,right,0.6,True,2,False,4,4
335,right,0.75,True,2,False,4,4
335,right,1.0,True,1,True,4,0
341,right,0.6,True,3,False,4,4
341,right,0.75,True,2,False,4,4
341,right,1.0,True,2,False,4,4
363,right,0.6,True,1,True,2,0
363,right,0.75,True,1,True,2,0
363,right,1.0,True,1,True,0,0
368,left,0.6,True,6,False,8,4
368,left,0.75,True,5,False,8,2
368,left,1.0,True,2,False,2,0
406,left,0.6,True,4,False,2,0
406,left,0.75,True,4,False,2,0
406,left,1.0,True,2,False,0,0
423,right,0.6,True,2,False,4,4
423,right,0.75,True,1,True,4,0
423,right,1.0,True,1,True,4,0
448,right,0.6,True,2,False,4,4
448,right,0.75,True,2,False,4,4
448,right,1.0,True,1,True,4,0
461,left,0.6,True,6,False,5,5
461,left,0.75,True,5,False,5,5
461,left,1.0,True,3,False,2,2
465,right,0.6,True,2,False,4,4
465,right,0.75,True,2,False,4,4
465,right,1.0,True,1,True,1,0
466,left,0.6,True,4,False,4,0
466,left,0.75,True,4,False,4,0
466,left,1.0,True,2,False,4,0
466,right,0.6,True,2,False,4,4
466,right,0.75,True,1,True,4,0
466,right,1.0,True,1,True,4,0
473,left,0.6,True,6,False,2,2
473,left,0.75,True,5,False,2,2
473,left,1.0,True,4,False,1,1
473,right,0.6,True,2,False,4,4
473,right,0.75,True,1,True,4,0
473,right,1.0,True,1,True,4,0
488,left,0.6,True,5,False,2,0
488,left,0.75,True,3,False,3,0
488,left,1.0,True,3,False,0,0
496,right,0.6,True,2,False,4,4
496,right,0.75,True,1,True,4,0
496,right,1.0,True,1,True,2,0
509,left,0.6,True,7,False,4,4
509,left,0.75,True,6,False,4,4
509,left,1.0,True,3,False,3,2
512,right,0.6,True,2,False,4,4
512,right,0.75,True,2,False,4,4
512,right,1.0,True,1,True,4,0
544,left,0.6,True,4,False,4,2
544,left,0.75,True,4,False,4,2
544,left,1.0,True,2,False,1,0
544,right,0.6,True,2,False,4,4
544,right,0.75,True,1,True,4,0
544,right,1.0,True,1,True,4,0
546,right,0.6,True,2,False,2,2
546,right,0.75,True,1,True,2,0
546,right,1.0,True,1,True,0,0
549,left,0.6,True,4,False,2,1
549,left,0.75,True,4,False,2,1
549,left,1.0,True,1,True,0,0
569,left,0.6,True,6,False,4,0
569,left,0.75,True,4,False,4,0
569,left,1.0,True,3,False,0,0
580,left,0.6,True,5,False,4,4
580,left,0.75,True,5,False,4,4
580,left,1.0,True,2,False,0,0
593,left,0.6,True,5,False,2,2
593,left,0.75,True,3,False,2,0
593,left,1.0,True,2,False,0,0
616,right,0.6,True,2,False,4,4
616,right,0.75,True,2,False,4,4
616,right,1.0,True,1,True,4,0
618,left,0.6,True,7,False,6,6
618,left,0.75,True,6,False,6,6
618,left,1.0,True,3,False,2,2
621,left,0.6,True,9,False,8,4
621,left,0.75,True,8,False,8,4
621,left,1.0,True,3,False,4,0
621,right,0.6,True,3,False,4,4
621,right,0.75,True,1,True,4,0
621,right,1.0,True,1,True,4,0
625,right,0.6,True,3,False,4,4
625,right,0.75,True,3,False,4,4
625,right,1.0,True,1,True,4,0
659,left,0.6,True,6,False,3,1
659,left,0.75,True,6,False,3,1
659,left,1.0,True,3,False,0,0
661,left,0.6,True,6,False,4,4
661,left,0.75,True,5,False,4,4
661,left,1.0,True,3,False,1,0
667,left,0.6,True,6,False,6,5
667,left,0.75,True,3,False,6,1
667,left,1.0,True,2,False,2,0
669,left,0.6,True,6,False,3,3
669,left,0.75,True,6,False,3,3
669,left,1.0,True,3,False,2,0
675,right,0.6,True,2,False,4,4
675,right,0.75,True,2,False,4,4
675,right,1.0,True,2,False,4,4
683,right,0.6,True,2,False,4,4
683,right,0.75,True,2,False,4,4
683,right,1.0,True,2,False,4,4
690,left,0.6,True,5,False,4,4
690,left,0.75,True,5,False,4,4
690,left,1.0,True,2,False,1,0
698,left,0.6,True,5,False,6,3
698,left,0.75,True,5,False,6,3
698,left,1.0,True,4,False,2,2
725,right,0.6,True,2,False,4,4
725,right,0.75,True,1,True,4,0
725,right,1.0,True,1,True,1,0
727,left,0.6,True,3,False,2,0
727,left,0.75,True,3,False,2,0
727,left,1.0,True,1,True,0,0
738,left,0.6,True,6,False,2,2
738,left,0.75,True,2,False,2,0
738,left,1.0,True,2,False,0,0
751,left,0.6,True,6,False,6,2
751,left,0.75,True,3,False,6,0
751,left,1.0,True,3,False,1,0
754,left,0.6,True,6,False,6,4
754,left,0.75,True,5,False,6,4
754,left,1.0,True,4,False,5,0
757,left,0.6,True,6,False,8,6
757,left,0.75,True,6,False,8,6
757,left,1.0,True,3,False,5,2
758,left,0.6,True,5,False,6,4
758,left,0.75,True,5,False,6,4
758,left,1.0,True,2,False,0,0
768,right,0.6,True,2,False,1,1
768,right,0.75,True,2,False,1,1
768,right,1.0,True,1,True,1,0
789,left,0.6,True,5,False,2,0
789,left,0.75,True,4,False,2,0
789,left,1.0,True,2,False,0,0
806,left,0.6,True,5,False,8,8
806,left,0.75,True,4,False,6,2
806,left,1.0,True,2,False,4,0
808,left,0.6,True,4,False,6,4
808,left,0.75,True,4,False,6,4
808,left,1.0,True,2,False,2,0
812,left,0.6,True,6,False,8,4
812,left,0.75,True,6,False,8,4
812,left,1.0,True,5,False,4,0
812,right,0.6,True,3,False,4,4
812,right,0.75,True,3,False,4,4
812,right,1.0,True,2,False,4,4
813,right,0.6,True,2,False,4,4
813,right,0.75,True,1,True,4,0
813,right,1.0,True,1,True,4,0
825,left,0.6,True,5,False,4,0
825,left,0.75,True,5,False,4,0
825,left,1.0,True,3,False,4,0
825,right,0.6,True,3,False,4,4
825,right,0.75,True,1,True,4,0
825,right,1.0,True,1,True,4,0
830,right,0.6,True,2,False,2,2
830,right,0.75,True,1,True,2,0
830,right,1.0,True,1,True,0,0
832,left,0.6,True,6,False,8,8
832,left,0.75,True,5,False,8,4
832,left,1.0,True,2,False,4,0
844,left,0.6,True,5,False,8,6
844,left,0.75,True,5,False,8,6
844,left,1.0,True,3,False,4,0
847,left,0.6,True,4,False,6,3
847,left,0.75,True,4,False,6,3
847,left,1.0,True,3,False,8,1
869,right,0.6,True,2,False,4,4
869,right,0.75,True,2,False,4,4
869,right,1.0,True,1,True,4,0
890,right,0.6,True,3,False,4,4
890,right,0.75,True,1,True,4,0
890,right,1.0,True,1,True,4,0
907,left,0.6,True,7,False,2,2
907,left,0.75,True,5,False,2,2
907,left,1.0,True,3,False,1,0
908,left,0.6,True,7,False,4,4
908,left,0.75,True,6,False,4,4
908,left,1.0,True,2,False,1,0
928,left,0.6,True,5,False,6,4
928,left,0.75,True,5,False,6,4
928,left,1.0,True,3,False,0,0
928,right,0.6,True,3,False,4,4
928,right,0.75,True,3,False,4,4
928,right,1.0,True,1,True,4,0
935,left,0.6,True,3,False,6,0
935,left,0.75,True,3,False,6,0
935,left,1.0,True,2,False,2,0
937,left,0.6,True,6,False,6,6
937,left,0.75,True,6,False,6,6
937,left,1.0,True,1,True,2,0
947,left,0.6,True,5,False,4,4
947,left,0.75,True,5,False,4,4
947,left,1.0,True,4,False,2,0
958,left,0.6,True,5,False,2,2
958,left,0.75,True,5,False,2,2
958,left,1.0,True,3,False,0,0
980,right,0.6,True,2,False,4,4
980,right,0.75,True,2,False,4,4
980,right,1.0,True,2,False,4,4
984,left,0.6,True,7,False,6,6
984,left,0.75,True,7,False,6,6
984,left,1.0,True,3,False,3,0
984,right,0.6,True,3,False,4,4
984,right,0.75,True,3,False,4,4
984,right,1.0,True,2,False,4,4
985,left,0.6,True,5,False,4,2
985,left,0.75,True,5,False,4,2
985,left,1.0,True,3,False,2,0
997,right,0.6,True,3,False,4,4
997,right,0.75,True,2,False,4,4
997,right,1.0,True,1,True,4,0
