scan,side,min_r4,nl_r4,l20_r4
3,left,0.9225994531859338,9,0.9621804014222788
3,right,0.946153540639716,1,0.9626722667971757
9,left,0.9419681434537562,1,0.9548574944329608
9,right,0.9164130839212956,1,0.9041260824273388
14,left,0.98088821542901,6,0.98088821542901
14,right,0.9262347722438817,0,
30,left,0.9886179863386682,2,
30,right,0.9631737500189294,1,
41,left,0.9516926544424539,6,0.9551736840130983
41,right,0.9417224384987333,3,0.9527924677618038
42,left,0.9805350582426585,1,
42,right,0.9305486608353436,2,
43,left,0.9338805450399476,4,0.9322230268350526
43,right,0.9382975023999666,0,
45,left,0.9138643072008754,1,0.9651895985889611
45,right,0.9872575805965242,0,
52,left,0.9535948644919185,3,
52,right,0.9601886398828303,2,
63,left,0.9778460812980194,1,
63,right,0.9391584762945371,0,
69,left,0.9661331037029208,1,
69,right,0.9277437554483614,5,0.9314820756577683
80,left,0.9699762877136888,0,
80,right,0.894751464369036,4,0.8895347829428228
85,left,0.9419475311021647,1,0.9350854738092378
85,right,0.9101682804860665,5,0.9627928334923664
87,left,0.9589975477116118,0,
87,right,0.965444155211108,0,
88,left,0.951645365769463,1,0.9658719478308591
88,right,0.9410020878275309,0,
95,left,0.9707081511446453,3,0.9823608377712297
95,right,0.949816053580503,0,
100,left,0.9733698553153591,4,0.9802953631291041
100,right,0.8362025065376556,4,0.9276336431167272
102,left,0.965895896486217,7,0.9839763998455436
102,right,0.9368590694281147,2,
103,left,0.9822685855982244,2,0.9779936000342567
103,right,0.9643281904812103,1,
109,left,0.9781290397273823,1,0.9853857087775318
109,right,0.8941450167589465,2,0.8948949075226542
112,left,0.9768443644450919,2,0.9780748284001137
112,right,0.9466842307223557,0,
114,left,0.9258813116608692,4,0.9334062271735493
114,right,0.9780620681642548,0,
124,left,0.9573058771990043,1,0.9675144007951557
124,right,0.9599236653880517,0,
125,left,0.9013553189090965,3,0.9477597899331519
125,right,0.9326160780513625,1,0.9470845372217994
129,left,0.9649239612152559,3,
129,right,0.9657477724363437,1,
138,left,0.9614447233571327,3,0.9614447233571327
138,right,0.9440742501049175,0,
139,left,0.9745128312151246,2,0.9827529516837462
139,right,0.9452710690784953,2,
148,left,0.8725260387480548,4,0.9728760904402763
148,right,0.9345209878356494,2,
151,left,0.9411462796062658,4,0.9411462796062658
151,right,0.9213078484430474,1,0.9402768121711051
173,left,0.9253576306098643,2,0.9253576306098643
173,right,0.94388965908902,0,
175,left,0.9595699760689939,3,0.9540444051558387
175,right,0.9250689929655096,0,
196,left,0.9758415068410331,0,
196,right,0.9393923211648565,1,0.9057766365107914
211,left,0.9645820447862915,2,
211,right,0.9232544506112139,1,0.9304708321822079
218,left,0.9479357625322361,6,0.9714863490319722
218,right,0.9475036156559515,1,0.9525728125856254
244,left,0.9593600887631141,1,
244,right,0.9585235858234045,1,
251,left,0.9711685130606065,3,
251,right,0.9549388853055798,0,
252,left,0.960071155517727,4,0.9589367585505733
252,right,0.9794780200480939,2,
265,left,0.9588854747506357,0,
265,right,0.9435307868951022,1,0.9696344249925629
271,left,0.9809840291739664,3,0.9779937927057826
271,right,0.9414986628160875,0,
272,left,0.9212470001803411,5,0.9498405888452405
272,right,0.968375978405528,2,
273,left,0.9313656725709767,4,0.9478564340301764
273,right,0.975223763347934,0,
274,left,0.9715965085625313,4,
274,right,0.9418974599805594,0,
280,left,0.9708233198696512,4,0.9763303292377058
280,right,0.9508003410560741,2,
284,left,0.9740408150876136,0,
284,right,0.9497756162042876,0,
300,left,0.9259861390993793,3,0.9776171717812561
300,right,0.9478735323135625,0,
306,left,0.9694186792110603,7,0.9828724144425441
306,right,0.9124620206339565,1,0.9545666491222581
316,left,0.9666084344741548,5,0.967252510718823
316,right,0.9676382952645256,0,
324,left,0.933516720449168,3,0.9355568218503285
324,right,0.8794454523222988,3,0.9029350624970036
328,left,0.9616894965298413,2,0.9616894965298413
328,right,0.93361712106923,3,0.9456789931758011
335,left,0.9322888885375035,6,0.9729989152805747
335,right,0.9366147454959447,0,
341,left,0.963011422984427,5,0.9672175050130566
341,right,0.9649465994617027,1,
342,left,0.9360254847418128,2,
342,right,0.9612022503901841,0,
354,left,0.9743090586509457,4,0.9715321400304661
354,right,0.9531951942589014,0,
363,left,0.9205161345759469,3,0.9637067672199991
363,right,0.9409214053693828,0,
368,left,0.9378058533612555,2,0.9378058533612555
368,right,0.8803899045733738,6,0.8801839320707325
377,left,0.9542018148486322,6,0.9636645657131496
377,right,0.8860382686449985,3,0.918299178357361
381,left,0.9545823208160841,6,0.9571696868492213
381,right,0.9372399855242278,1,0.9621822345471054
389,left,0.9055426117017192,6,0.9127590325301548
389,right,0.8148348092318055,5,0.9133320530029851
396,left,0.9824602756256181,3,0.980493595407973
396,right,0.7607154242191955,5,0.8086425547663448
406,left,0.9705752727562102,1,0.9651039128060255
406,right,0.8871717286930156,4,0.9221995964232975
408,left,0.9090737028642013,5,0.9322576944099054
408,right,0.8826680095692001,3,0.8834713319640981
417,left,0.9445980069237346,3,0.9769879189745267
417,right,0.9117798078287123,1,0.969390392322609
422,left,0.9053435983379976,3,0.9062466276072083
422,right,0.9570242747539118,2,
423,left,0.9560803180494616,3,0.9716678803585075
423,right,0.934077921284174,1,0.9604202989439388
431,left,0.8815487558555389,2,0.8815487558555389
431,right,0.9072609294119541,1,0.9657281210436582
436,left,0.9879931853521575,2,
436,right,0.9415885703311319,0,
448,left,0.9526479022189595,6,0.9614868741618843
448,right,0.9255788499328653,1,0.9567651243224498
454,left,0.9615153474266268,3,0.9760192849203686
454,right,0.9556905776110932,2,
461,left,0.9714642218035411,3,
461,right,0.9675941297260106,7,
465,left,0.9468480135218466,3,0.9518204451796535
465,right,0.9137938506858556,0,
466,left,0.9605722911202698,2,0.9605722911202698
466,right,0.9274126638161725,0,
471,left,0.9585791249039689,3,
471,right,0.9123459317567233,1,0.9652704299844972
473,left,0.9476930119500516,4,0.9579927106117071
473,right,0.9557118676469235,1,
474,left,0.9641451025572746,5,0.9771825033172354
474,right,0.91443907461603,2,0.9135916056399761
488,left,0.9578266570516061,7,0.9701752430253645
488,right,0.9428559757664392,4,0.9492674045793043
496,left,0.9198035863282104,3,0.9253736255783223
496,right,0.9069616720897365,1,0.9669638775264274
502,left,0.9874820149449071,2,0.9940678031138002
502,right,,3,
507,left,0.943445073595945,1,0.975862398710688
507,right,0.9453103597206194,0,
509,left,0.9361485624647483,5,0.9636534886218918
509,right,0.9567711899186281,5,
512,left,0.9295407742076817,2,0.9182875068317126
512,right,0.935752357625098,1,
527,left,0.9575479265450958,7,0.9682725961182336
527,right,0.953211867271577,5,0.9558702724597551
543,left,0.900518255477267,3,0.9274200528936353
543,right,0.9278141389507183,2,
544,left,0.9561106197074933,1,
544,right,0.9329330409552824,1,0.9689830183008569
546,left,0.9687716804558719,2,
546,right,0.920769526614673,0,
549,left,0.9251421437671029,2,0.953485207274681
549,right,0.9548846539891659,1,0.9698523259768616
554,left,0.9716017491081899,0,
554,right,0.9509212941750534,0,
569,left,0.9615769448502718,5,0.9732711129386961
569,right,0.9248334116503413,2,0.9626755950928404
580,left,0.950241229599048,5,0.9816098444439945
580,right,0.9747366121391622,0,
593,left,0.9254918739120075,2,0.935399934164048
593,right,0.922130561164444,1,
616,left,0.9698619807053863,5,
616,right,0.92390829260054,0,
618,left,0.9488298430881899,2,
618,right,0.9739394986058003,0,
621,left,0.9484110628640208,6,0.9484110628640208
621,right,0.9637917576463104,0,
625,left,0.9451158547095595,3,
625,right,0.940010838935219,3,0.9447734380698427
645,left,0.9840658364293021,3,0.985755047626872
645,right,0.9469846294646221,0,
657,left,0.9759561524444641,1,0.9737308792797199
657,right,0.9556289818719741,0,
659,left,0.9520168106935285,1,
659,right,0.9261892480167893,2,0.9443065582378168
661,left,0.9834432078468817,4,0.980160999408313
661,right,0.9480989068335904,2,
667,left,0.9540523058839528,1,0.9568392088901603
667,right,0.9400352551688406,0,
669,left,0.9290806341710579,4,0.9620259764264483
669,right,0.935947886166788,0,
675,left,0.9700279732561082,2,
675,right,0.9521915816140407,3,0.9683432783494387
676,left,0.9318740769708969,8,0.9562334133608513
676,right,0.8845857925804163,3,0.8796233811943113
680,left,0.9717815932539813,4,0.9774981882472866
680,right,0.9436060971218848,0,
683,left,0.9852700899076257,2,0.9864933132626318
683,right,0.9586771782910953,2,0.9585597701692126
686,left,0.9688113677494684,5,0.9578283557645869
686,right,0.8683251074731784,3,0.8674698281193682
687,left,0.939811652159934,3,0.9663111640002394
687,right,0.918332387596982,1,
690,left,0.9258408927019092,3,0.9668735320402913
690,right,0.9763435327501041,2,
698,left,0.9649225132864918,2,
698,right,0.9548374023592667,1,
725,left,0.9442435574982972,1,0.9442435574982972
725,right,0.8985413429067437,1,0.8961869048226062
727,left,0.9049560506502548,4,0.9386821215978498
727,right,0.948263777393503,1,
738,left,0.9714725728340555,3,0.9847924965860763
738,right,0.9224712227811449,2,
751,left,0.9511747459369888,1,0.9734216717450805
751,right,0.9814839267559732,0,
754,left,0.9318741297579554,6,0.9577370485868597
754,right,0.9755360792404922,0,
757,left,0.946820973243767,1,
757,right,0.9018690539110494,1,0.895931425491146
758,left,0.9681770063411637,0,
758,right,0.9400187940186169,0,
759,left,0.9390894334428249,2,0.9395154064945823
759,right,0.9423731269148576,1,
768,left,0.9351901391399488,3,0.9263678175654586
768,right,0.9257672875106967,4,0.9411486335165595
773,left,0.9611394893835242,5,0.9640622473825139
773,right,0.9387429097305761,0,
775,left,0.9190799343652714,5,0.9512518405720137
775,right,0.768297888209702,7,0.8771706417306113
789,left,0.8733083583642206,5,0.901847066797185
789,right,0.9290628286857767,0,
790,left,0.9705063936379484,2,0.9705063936379484
790,right,0.9405959124628194,0,
799,left,0.9752078402230723,1,0.9830077597290481
799,right,0.9441442472958508,2,
806,left,0.9481416457804009,4,0.9685179126760773
806,right,0.954218355136589,0,
808,left,0.9438061727226037,2,0.9728930899943118
808,right,0.9553374707368443,2,
812,left,0.9715809445012329,5,0.9834493974796887
812,right,0.917453309483018,8,0.9189410526443674
813,left,0.9656854256741648,3,0.9787484900106376
813,right,0.9532245420776668,0,
817,left,0.9505500641637848,2,0.9590027866635327
817,right,0.9291063981219702,0,
825,left,0.9658371315469024,6,0.9658371315469024
825,right,0.9578949214066603,0,
828,left,0.9450474143597145,4,0.9550766121479628
828,right,0.8931597097726331,8,0.9305441324493424
830,left,0.9525264526763746,2,0.9646558227255024
830,right,0.9333636359692267,0,
832,left,0.9608528389423571,3,
832,right,0.932333411356021,4,0.9663046915983302
837,left,0.9903433437085871,3,0.9872555017423933
837,right,0.9627070322879936,0,
842,left,0.9526183876390595,1,
842,right,0.9420684926257947,0,
844,left,0.9732381256887791,6,0.9716498006990121
844,right,0.956495364196756,4,
847,left,0.9346900360848762,4,0.9656928620098083
847,right,0.8886191113746017,3,0.9350514591015651
869,left,0.9430443743658583,3,
869,right,0.9463648285743632,2,
874,left,0.9546460659230347,2,0.9601295115180788
874,right,0.9482648983649354,0,
878,left,0.9074646079351204,4,0.9025683547627038
878,right,0.9503451234263638,0,
890,left,0.9869364826582437,1,0.9927873442498888
890,right,0.9487051418900048,0,
901,left,0.9564459518136226,1,
901,right,0.940969269260731,0,
907,left,0.9572797669351166,3,0.9568558626231468
907,right,0.9666466222730424,0,
908,left,0.9697975508233244,2,0.9890254415638067
908,right,,0,
909,left,0.9426622333506915,4,0.931994018739469
909,right,0.9037526229126939,3,0.8898402253765249
911,left,0.9599832442885067,1,0.9615239656756847
911,right,0.9383086403122649,1,
928,left,0.9562972639637897,2,
928,right,0.9469639854739758,1,
932,left,0.9668244106659863,1,0.9586082935238107
932,right,0.9427556133907489,0,
935,left,0.9433824694621431,1,0.9568204378919094
935,right,0.9279093147151389,0,
937,left,0.9661807490518102,2,0.977535747762611
937,right,0.9848808777961722,0,
941,left,0.9570775133119102,0,
941,right,0.9505907254429274,0,
947,left,0.9255204308787711,5,0.9411136108141911
947,right,0.9184461622927894,1,
952,left,0.9737483555803438,0,
952,right,0.937086785988281,1,0.9816759612496361
954,left,0.9635362677567969,2,
954,right,0.9541371493415474,3,
958,left,0.9765839564268293,2,
958,right,0.9578160630143426,0,
972,left,0.9666126691823407,3,0.971092837039387
972,right,0.961751440754424,1,
973,left,0.9784012394644978,1,
973,right,0.9685907769275869,4,
980,left,0.9851723812235234,2,
980,right,0.9739278841537481,4,
984,left,0.9376801123214801,7,0.9376801123214801
984,right,0.9267375438174733,5,0.9393794072516921
985,left,0.9537959512516366,4,0.9752631624660949
985,right,0.9301754050976148,0,
993,left,0.9236873919921915,5,0.9304146501492914
993,right,0.8654527351704902,5,0.8877415365548544
995,left,0.9727275455058781,1,0.9583925152544656
995,right,0.9196962939367692,3,0.9567108408653429
997,left,0.9267961996817595,3,0.9542279480543563
997,right,0.9513371691523947,2,0.9587999581510711
