scan,side,min_cur,min_tree,nl_cur,nl_tree,l20_cur,l20_tree
3,left,0.922599585064103,0.9228314680327092,10,7,0.962180539519482,0.9624233575559293
3,right,0.946153540639716,0.946153540639716,1,1,0.9626722667971755,0.9626722667971757
9,left,0.9419681434537562,0.9419681434537562,1,1,0.9548574944329608,0.9548574944329608
9,right,0.9164130839212956,0.9164130839212956,1,1,0.9041260824273388,0.9041260824273388
14,left,0.9808883492426907,0.9811619744058576,9,5,0.9808883492426907,0.9811619744058576
14,right,0.9262347722438816,0.9262347722438817,0,0,,
30,left,0.988618135522396,0.9886179863386682,3,2,,
30,right,0.9631737500189294,0.9631737500189294,1,1,,
41,left,0.951692654442454,0.9516775139487171,6,5,0.9551736840130984,0.9551584847063761
41,right,0.9417715914844116,0.9417224384987333,5,3,0.9528297141923888,0.9527924677618038
42,left,0.9805350582426584,0.9805350582426585,1,1,,
42,right,0.9305486608353436,0.9305486608353436,2,2,,
43,left,0.9338805450399476,0.9338805450399476,4,4,0.9322230268350526,0.9322230268350526
43,right,0.9382975023999666,0.9382975023999666,0,0,,
45,left,0.9138643072008754,0.9138643072008754,1,1,0.9651895985889613,0.9651895985889611
45,right,0.9872575805965242,0.9872575805965242,0,0,,
52,left,0.9535953246825228,0.9535948644919185,4,3,,
52,right,0.9601886398828304,0.9601886398828303,2,2,,
63,left,0.9778460812980194,0.9778460812980194,1,1,,
63,right,0.9391584762945372,0.9391584762945371,0,0,,
69,left,0.9661331037029208,0.9661331037029208,1,1,,
69,right,0.9277437554483614,0.9277437554483614,5,5,0.9314820756577684,0.9314820756577683
80,left,0.9699762877136888,0.9699762877136888,0,0,,
80,right,0.894751464369036,0.894751464369036,4,4,0.8895347829428228,0.8895347829428228
85,left,0.9403042466615582,0.9419475311021647,2,1,0.9334549109548944,0.9350854738092378
85,right,0.9101682804860664,0.9101682804860665,5,5,0.9627928334923664,0.9627928334923664
87,left,0.9589975477116118,0.9589975477116118,0,0,,
87,right,0.965444155211108,0.965444155211108,0,0,,
88,left,0.951645365769463,0.951645365769463,1,1,0.9658719478308592,0.9658719478308591
88,right,0.9410020878275308,0.9410020878275309,0,0,,
95,left,0.9707081511446451,0.9707081511446453,3,3,0.9823608377712296,0.9823608377712297
95,right,0.949816053580503,0.949816053580503,0,0,,
100,left,0.9733698553153592,0.9733698553153591,4,4,0.980295363129104,0.9802953631291041
100,right,0.8332962459240435,0.8362025065376556,5,4,0.9278537189247468,0.9276336431167272
102,left,0.9658960631068858,0.965895896486217,8,7,0.9839765697755078,0.9839763998455436
102,right,0.9368590694281148,0.9368590694281147,2,2,,
103,left,0.9822686270020358,0.9822685855982244,3,2,0.9779936412470698,0.9779936000342567
103,right,0.9643281904812104,0.9643281904812103,1,1,,
109,left,0.9781290397273824,0.9781290397273823,1,1,0.9853857087775318,0.9853857087775318
109,right,0.8941450167589465,0.8941450167589465,2,2,0.8948949075226542,0.8948949075226542
112,left,0.976844364445092,0.9768443644450919,2,2,0.9780748284001136,0.9780748284001137
112,right,0.9466842307223556,0.9466842307223557,0,0,,
114,left,0.9258813116608692,0.9258813116608692,4,4,0.9334062271735492,0.9334062271735493
114,right,0.9780620681642548,0.9780620681642548,0,0,,
124,left,0.9573058771990044,0.9573058771990043,1,1,0.9675144007951556,0.9675144007951557
124,right,0.9599236653880516,0.9599236653880517,0,0,,
125,left,0.8941423330080963,0.9013553189090965,4,3,0.9401403305194324,0.9477597899331519
125,right,0.9326160780513624,0.9326160780513625,1,1,0.9470845372217994,0.9470845372217994
129,left,0.9649242686262676,0.9649239612152559,5,3,,
129,right,0.9657477724363436,0.9657477724363437,1,1,,
138,left,0.9614447233571328,0.9614447233571327,3,3,0.9614447233571328,0.9614447233571327
138,right,0.9440742501049176,0.9440742501049175,0,0,,
139,left,0.974516578868292,0.9745128312151246,3,2,0.9827570118733138,0.9827529516837462
139,right,0.9452710690784952,0.9452710690784953,2,2,,
148,left,0.8725260387480548,0.8725260387480548,4,4,0.9728760904402765,0.9728760904402763
148,right,0.9345209878356494,0.9345209878356494,2,2,,
151,left,0.9411462796062658,0.9411461259780383,4,3,0.9411462796062658,0.9411461259780383
151,right,0.9213078484430474,0.9213078484430474,1,1,0.9402768121711051,0.9402768121711051
173,left,0.9253576306098644,0.9253576306098643,2,2,0.9253576306098644,0.9253576306098643
173,right,0.94388965908902,0.94388965908902,0,0,,
175,left,0.9595719298322092,0.9595699760689939,4,3,0.9540463442684765,0.9540444051558387
175,right,0.9250689929655096,0.9250689929655096,0,0,,
196,left,0.9758415068410332,0.9758415068410331,0,0,,
196,right,0.9393923211648564,0.9393923211648565,1,1,0.9057766365107914,0.9057766365107914
211,left,0.9645820447862916,0.9645820447862915,2,2,,
211,right,0.923254450611214,0.9232544506112139,1,1,0.930470832182208,0.9304708321822079
218,left,0.947935762532236,0.9479348920860085,6,5,0.9714863490319722,0.9714854549016624
218,right,0.9475036156559516,0.9475036156559515,1,1,0.9525728125856254,0.9525728125856254
244,left,0.959360088763114,0.9593600887631141,1,1,,
244,right,0.9585235858234044,0.9585235858234045,1,1,,
251,left,0.9711685130606064,0.971168225775487,3,2,,
251,right,0.9549388853055798,0.9549388853055798,0,0,,
252,left,0.9587404380307551,0.960071155517727,5,4,0.9576077097297708,0.9589367585505733
252,right,0.979478020048094,0.9794780200480939,2,2,,
265,left,0.9588854747506356,0.9588854747506357,0,0,,
265,right,0.9435307868951022,0.9435307868951022,1,1,0.9696344249925628,0.9696344249925629
271,left,0.9809840291739664,0.9809833251024319,3,2,0.9779937927057826,0.977993090909238
271,right,0.9414986628160876,0.9414986628160875,0,0,,
272,left,0.9212470001803412,0.9212467019070208,5,4,0.9498405888452404,0.9498402807200222
272,right,0.9683800000414304,0.968375978405528,3,2,,
273,left,0.9313658792721512,0.9313656725709767,4,4,0.9478567220207996,0.9478564340301764
273,right,0.975223763347934,0.975223763347934,0,0,,
274,left,0.9715966205810846,0.9715965085625313,5,4,,
274,right,0.9418974599805594,0.9418974599805594,0,0,,
280,left,0.9708233198696512,0.9708233198696512,4,4,0.9763303292377058,0.9763303292377058
280,right,0.950800341056074,0.9508003410560741,2,2,,
284,left,0.9740408150876136,0.9740408150876136,0,0,,
284,right,0.9497756162042876,0.9497756162042876,0,0,,
300,left,0.9259861390993792,0.9289239691275181,3,2,0.977617171781256,0.9776152401569465
300,right,0.9478735323135624,0.9478735323135625,0,0,,
306,left,0.9694186792110604,0.9697294621811173,7,6,0.982872414442544,0.9786959988445976
306,right,0.9124620206339564,0.9124620206339565,1,1,0.954566649122258,0.9545666491222581
316,left,0.9666085455586454,0.9666082442008269,6,4,0.9672526218818456,0.9672523203109796
316,right,0.9676382952645256,0.9676382952645256,0,0,,
324,left,0.932415715926936,0.933516720449168,4,3,0.9344532589451562,0.9355568218503285
324,right,0.8794454523222988,0.8794454523222988,3,3,0.9029350624970036,0.9029350624970036
328,left,0.961562162956624,0.9616894965298413,3,2,0.961562162956624,0.9616894965298413
328,right,0.9336219087462804,0.93361712106923,4,3,0.9456829786944664,0.9456789931758011
335,left,0.9322888885375036,0.9322888885375035,6,6,0.9729989152805748,0.9729989152805747
335,right,0.9366147454959448,0.9366147454959447,0,0,,
341,left,0.9630115341591002,0.96443449469249,6,4,0.967217616703028,
341,right,0.9649465994617028,0.9649465994617027,1,1,,
342,left,0.9360254847418128,0.9360254847418128,2,2,,
342,right,0.961202250390184,0.9612022503901841,0,0,,
354,left,0.9743091008007108,0.9745580238895843,6,3,0.9715321820528344,0.9717803527754223
354,right,0.9531951942589014,0.9531951942589014,0,0,,
363,left,0.9205161345759468,0.9205161345759469,3,3,0.9637067672199991,0.9637067672199991
363,right,0.9409214053693828,0.9409214053693828,0,0,,
368,left,0.9378058533612555,0.9378058533612555,2,2,0.9378058533612555,0.9378058533612555
368,right,0.8761832795223321,0.8803899045733738,7,6,0.8759783562713757,0.8801839320707325
377,left,0.9542018148486322,0.9542014170668827,6,5,0.9636645657131496,0.9636644532661464
377,right,0.8860382686449985,0.8860382686449985,3,3,0.918299178357361,0.918299178357361
381,left,0.9540918821602092,0.9545823208160841,7,6,0.956677836728896,0.9571696868492213
381,right,0.9372399855242278,0.9372399855242278,1,1,0.9621822345471054,0.9621822345471054
389,left,0.9045698838047872,0.9055401465124329,7,5,0.9117780461381374,0.9127565464112951
389,right,0.8148348092318055,0.8148348092318055,5,5,0.9133320530029851,0.9133320530029851
396,left,0.982460275625618,0.9824602756256181,3,3,0.980493595407973,0.980493595407973
396,right,0.7579780668242647,0.7607154242191955,7,5,0.8056147775234198,0.8086425547663448
406,left,0.9705752727562102,0.9705752727562102,1,1,0.9651039128060256,0.9651039128060255
406,right,0.8871717286930156,0.8871717286930156,4,4,0.9221995964232976,0.9221995964232975
408,left,0.9090737028642012,0.9096397995929603,5,4,0.9322576944099054,0.9322568775504554
408,right,0.8826680095692001,0.8826680095692001,3,3,0.8834713319640981,0.8834713319640981
417,left,0.9445980069237346,0.9445980069237346,3,3,0.9769879189745267,0.9769879189745267
417,right,0.9117798078287124,0.9117798078287123,1,1,0.969390392322609,0.969390392322609
422,left,0.9053435983379976,0.9053435983379976,3,3,0.9062466276072084,0.9062466276072083
422,right,0.9570242747539118,0.9570242747539118,2,2,,
423,left,0.9560803180494616,0.9560800314007136,3,2,0.9716678803585076,0.9716675887480368
423,right,0.934077921284174,0.934077921284174,1,1,0.9604202989439388,0.9604202989439388
431,left,0.8815487558555389,0.8815487558555389,2,2,0.8815487558555389,0.8815487558555389
431,right,0.907260929411954,0.9072609294119541,1,1,0.9657281210436582,0.9657281210436582
436,left,0.9879934602907317,0.9879931853521575,3,2,,
436,right,0.941588570331132,0.9415885703311319,0,0,,
448,left,0.9522060915463562,0.952647729733398,7,5,0.9610405784685564,0.9614866999253147
448,right,0.9255788499328652,0.9255788499328653,1,1,0.9567651243224498,0.9567651243224498
454,left,0.9615153474266268,0.9615153474266268,3,3,0.9760192849203686,0.9760192849203686
454,right,0.9556905776110932,0.9556681568703514,2,1,,
461,left,0.971464781828614,0.9714642218035411,4,3,,
461,right,0.9676140076707936,0.9675941297260106,9,7,,
465,left,0.9468480135218466,0.9468480135218466,3,3,0.9518204451796536,0.9518204451796535
465,right,0.9137938506858556,0.9137938506858556,0,0,,
466,left,0.9605722911202698,0.9605722911202698,2,2,0.9605722911202698,0.9605722911202698
466,right,0.9274126638161724,0.9274126638161725,0,0,,
471,left,0.958579456868008,0.9585783686572961,4,2,,
471,right,0.9123459317567232,0.9123459317567233,1,1,0.9652704299844972,0.9652704299844972
473,left,0.9476934874899748,0.9491997720533448,5,3,0.957993191641725,0.9595168662126435
473,right,0.9557118676469236,0.9557118676469235,1,1,,
474,left,0.9641451025572746,0.96472418239441,5,3,0.9771825033172354,0.9771822276691152
474,right,0.9125692710955228,0.91443907461603,3,2,0.9117236470733422,0.9135916056399761
488,left,0.957826657051606,0.9601931618839459,7,6,0.9701752430253644,0.9701747862751959
488,right,0.9428559757664392,0.9428429975581969,4,3,0.9492674045793044,0.9492559465583204
496,left,0.9198035863282104,0.9198035863282104,3,3,0.9253736255783224,0.9253736255783223
496,right,0.9069616720897364,0.9069616720897365,1,1,0.9669638775264274,0.9669638775264274
502,left,0.9874820149449072,0.9874820149449071,2,2,0.9940678031138002,0.9940678031138002
502,right,,,7,3,,
507,left,0.943445073595945,0.943445073595945,1,1,0.975862398710688,0.975862398710688
507,right,0.9453103597206194,0.9453103597206194,0,0,,
509,left,0.9361485624647484,0.9361485624647483,5,5,0.9636534886218918,0.9636534886218918
509,right,0.956771189918628,0.9567711899186281,5,5,,
512,left,0.9295407742076816,0.9295407742076817,2,2,0.9182875068317126,0.9182875068317126
512,right,0.935752357625098,0.935752357625098,1,1,,
527,left,0.9572953775956564,0.9580060627819399,8,6,0.9680170008895048,0.968736258518063
527,right,0.9503508571776008,0.9547872454316142,7,4,0.9530007902204112,0.9574503156949628
543,left,0.8993617860118746,0.900518255477267,4,3,0.9262267639245194,0.9274200528936353
543,right,0.9278141389507184,0.9277998206598604,2,1,,
544,left,0.9561106197074932,0.9561106197074933,1,1,,
544,right,0.9329330409552824,0.9329330409552824,1,1,0.9689830183008568,0.9689830183008569
546,left,0.968771680455872,0.9687716804558719,2,2,,
546,right,0.920769526614673,0.920769526614673,0,0,,
549,left,0.9251421437671028,0.9251421437671029,2,2,0.953485207274681,0.953485207274681
549,right,0.954884653989166,0.9548846539891659,1,1,0.9698523259768616,0.9698523259768616
554,left,0.97160174910819,0.9716017491081899,0,0,,
554,right,0.9509212941750534,0.9509212941750534,0,0,,
569,left,0.9615769448502718,0.9615769448502718,5,5,0.973271112938696,0.9732711129386961
569,right,0.9183779856772482,0.9248334116503413,3,2,0.9559391792398846,0.9626755950928404
580,left,0.95024264373218,0.9502404648978316,8,4,0.9809326263784482,
580,right,0.9747366121391622,0.9747366121391622,0,0,,
593,left,0.9254918739120076,0.9254918739120075,2,2,0.935399934164048,0.935399934164048
593,right,0.922130561164444,0.922130561164444,1,1,,
616,left,0.969862024740932,0.9698619069173051,6,4,,
616,right,0.92390829260054,0.92390829260054,0,0,,
618,left,0.94882984308819,0.9488298044640432,2,1,,
618,right,0.9739394986058004,0.9739394986058003,0,0,,
621,left,0.9450352467965628,0.948411029324366,7,5,0.9450352467965628,0.948411029324366
621,right,0.9637917576463104,0.9637917576463104,0,0,,
625,left,0.9451158547095596,0.9451158547095595,3,3,,
625,right,0.940010838935219,0.940010838935219,3,3,0.9447734380698428,0.9447734380698427
645,left,0.9840659284705516,0.9840656798055258,4,2,0.9857551398355696,0.985754890718155
645,right,0.946984629464622,0.9469846294646221,0,0,,
657,left,0.975956152444464,0.9759561524444641,1,1,0.97373087927972,0.9737308792797199
657,right,0.955628981871974,0.9556289818719741,0,0,,
659,left,0.9520168106935284,0.9520168106935285,1,1,,
659,right,0.926256544575421,0.9261892480167893,4,2,0.94435603968979,0.9443065582378168
661,left,0.9834432078468816,0.9834428310563383,4,3,0.980160999408313,0.9801606239505873
661,right,0.9480989068335904,0.9480989068335904,2,2,,
667,left,0.9540523058839528,0.9540523058839528,1,1,0.9568392088901604,0.9568392088901603
667,right,0.9400352551688406,0.9400352551688406,0,0,,
669,left,0.929080634171058,0.9290788503461884,4,2,0.9620259764264484,0.9620241253239207
669,right,0.935947886166788,0.935947886166788,0,0,,
675,left,0.9700297457471238,0.9700279732561082,3,2,,
675,right,0.9521915816140408,0.9521915816140407,3,3,0.9683432783494388,0.9683432783494387
676,left,0.9319123745004274,0.9324955543036748,10,6,0.9555335568137044,0.9562159760160015
676,right,0.8845857925804163,0.8845857925804163,3,3,0.8796233811943113,0.8796233811943113
680,left,0.9717819860909868,0.9717808660878934,5,3,0.9775003053154064,0.9777224245970719
680,right,0.9436060971218848,0.9436060971218848,0,0,,
683,left,0.9852700899076255,0.9852700899076257,2,2,0.9864933132626318,0.9864933132626318
683,right,0.9586771782910952,0.9586771782910953,2,2,0.9585597701692126,0.9585597701692126
686,left,0.9688113677494684,0.9692406502394003,5,4,0.9578283557645868,0.9582524756104169
686,right,0.8609294741938509,0.8683251074731784,5,3,0.8600819772827243,0.8674698281193682
687,left,0.939811652159934,0.9406169777162666,3,2,0.9663111640002394,
687,right,0.918332387596982,0.918332387596982,1,1,,
690,left,0.9258408927019092,0.9258408927019092,3,3,0.9668735320402913,0.9668735320402913
690,right,0.976343532750104,0.9763435327501041,2,2,,
698,left,0.9649225132864918,0.9649225132864918,2,2,,
698,right,0.9548374023592668,0.9548374023592667,1,1,,
725,left,0.9442435574982972,0.9442435574982972,1,1,0.9442435574982972,0.9442435574982972
725,right,0.8985413429067437,0.8985413429067437,1,1,0.8961869048226062,0.8961869048226062
727,left,0.904956979790079,0.9049560506502548,5,4,0.9367435683491449,0.9386821215978498
727,right,0.948263777393503,0.948263777393503,1,1,,
738,left,0.9714725728340556,0.9724026203388454,3,2,0.9847924965860764,0.984792299518867
738,right,0.9224712227811448,0.9224712227811449,2,2,,
751,left,0.9511747459369888,0.9511747459369888,1,1,0.9734216717450804,0.9734216717450805
751,right,0.9814839267559732,0.9814839267559732,0,0,,
754,left,0.9318741297579554,0.9318741297579554,6,6,0.9577370485868596,0.9577370485868597
754,right,0.9755360792404922,0.9755360792404922,0,0,,
757,left,0.946820973243767,0.946820973243767,1,1,,
757,right,0.9018690539110494,0.9018690539110494,1,1,0.895931425491146,0.895931425491146
758,left,0.9681770063411635,0.9681770063411637,0,0,,
758,right,0.9400187940186168,0.9400187940186169,0,0,,
759,left,0.9380382069851908,0.9390894334428249,4,2,0.9384636732152482,0.9395154064945823
759,right,0.9423920398936708,0.9423731269148576,2,1,,
768,left,0.9351901391399488,0.9351809044196961,3,1,0.9263678175654586,0.9263586754651112
768,right,0.9257672875106968,0.9257672875106967,4,4,0.9411486335165596,0.9411486335165595
773,left,0.9589507640603626,0.9611394845399505,9,4,0.961866457982565,0.9640622425233077
773,right,0.938742909730576,0.9387429097305761,0,0,,
775,left,0.9172181242826234,0.9190761623086016,6,3,0.9493175541900614,0.9512479216636209
775,right,0.760191426104721,0.768297888209702,9,7,0.8675789333168769,0.8771706417306113
789,left,0.8733083583642206,0.8733071710123785,5,4,0.901847066797185,0.9018458380080175
789,right,0.9290628286857768,0.9290628286857767,0,0,,
790,left,0.9705063936379484,0.9705063936379484,2,2,0.9705063936379484,0.9705063936379484
790,right,0.9405959124628194,0.9405959124628194,0,0,,
799,left,0.9752078402230724,0.9752078402230723,1,1,0.983007759729048,0.9830077597290481
799,right,0.9441442472958508,0.9441312566003758,2,1,,
806,left,0.9481416457804008,0.9481416457804009,4,4,0.9685179126760772,0.9685179126760773
806,right,0.954218355136589,0.954218355136589,0,0,,
808,left,0.9438061727226036,0.9438061727226037,2,2,0.9728930899943118,0.9728930899943118
808,right,0.9553374707368444,0.9553374707368443,2,2,,
812,left,0.9715809799459204,0.9715805498133033,6,4,0.9834494365320056,0.9865592346731699
812,right,0.9174885345527644,0.917453309483018,9,8,0.9189756897047744,0.9189410526443674
813,left,0.9656855216272782,0.9688410925757043,4,2,0.9787485873411036,
813,right,0.9532245420776668,0.9532245420776668,0,0,,
817,left,0.9505500641637848,0.9505500641637848,2,2,0.9590027866635328,0.9590027866635327
817,right,0.9291063981219702,0.9291063981219702,0,0,,
825,left,0.9658371315469024,0.9658371315469024,6,6,0.9658371315469024,0.9658371315469024
825,right,0.9578949214066604,0.9578949214066603,0,0,,
828,left,0.9440322930848076,0.9450474143597145,6,4,0.9540500451785904,0.9550766121479628
828,right,0.8931624112760115,0.8930899358309842,10,6,0.9305458954334944,0.9304985959649923
830,left,0.9525264526763746,0.9525264526763746,2,2,0.9646558227255024,0.9646558227255024
830,right,0.9333636359692268,0.9333636359692267,0,0,,
832,left,0.9608528389423572,0.9608528389423571,3,3,,
832,right,0.932333411356021,0.932333411356021,4,4,0.9663046915983302,0.9663046915983302
837,left,0.9903433437085872,0.9904397872110022,3,2,0.9872555017423932,
837,right,0.9627070322879936,0.9627070322879936,0,0,,
842,left,0.9526209595741962,0.9526183876390595,3,1,,
842,right,0.9420684926257948,0.9420684926257947,0,0,,
844,left,0.9732385178178332,0.9738211393563647,8,4,0.9716504740153252,0.9716494330808869
844,right,0.956495364196756,0.9564765811428062,4,3,,
847,left,0.9346940137773724,0.9346900360848762,7,4,0.9656969842144706,0.9656928620098083
847,right,0.8859291612155863,0.8886191113746017,4,3,0.9322115795640966,0.9350514591015651
869,left,0.9430443743658584,0.9430443743658583,3,3,,
869,right,0.9463648285743632,0.9463648285743632,2,2,,
874,left,0.9525812264997708,0.9546460659230347,4,2,0.9580520788858892,0.9601295115180788
874,right,0.9482648983649354,0.9482648983649354,0,0,,
878,left,0.9074646079351204,0.9074646079351204,4,4,0.9025683547627038,0.9025683547627038
878,right,0.9503451234263638,0.9503451234263638,0,0,,
890,left,0.9867547661593024,0.9869364826582437,2,1,0.9926044862221984,0.9927873442498888
890,right,0.9487051418900048,0.9487051418900048,0,0,,
901,left,0.9564459518136226,0.9564459518136226,1,1,,
901,right,0.940969269260731,0.940969269260731,0,0,,
907,left,0.9553215354015906,0.9572797669351166,7,3,0.9548985516624284,0.9568558626231468
907,right,0.9666466222730424,0.9666466222730424,0,0,,
908,left,0.9697975508233244,0.9697975508233244,2,2,0.9890254415638068,0.9890254415638067
908,right,,,0,0,,
909,left,0.9365070120631012,0.9426622333506915,5,4,0.9259227946540032,0.931994018739469
909,right,0.903752622912694,0.9037526229126939,3,3,0.8898402253765249,0.8898402253765249
911,left,0.9599832442885068,0.9599832442885067,1,1,0.9615239656756848,0.9615239656756847
911,right,0.9383086403122648,0.9383086403122649,1,1,,
928,left,0.9562976890187428,0.9562972639637897,3,2,,
928,right,0.9469639854739758,0.9469639854739758,1,1,,
932,left,0.9668244106659863,0.9668244106659863,1,1,0.9586082935238108,0.9586082935238107
932,right,0.9427556133907488,0.9427556133907489,0,0,,
935,left,0.9433824694621432,0.9433824694621431,1,1,0.9568204378919094,0.9568204378919094
935,right,0.9279093147151388,0.9279093147151389,0,0,,
937,left,0.9661807490518102,0.9661807490518102,2,2,0.977535747762611,0.977535747762611
937,right,0.9848808777961722,0.9848808777961722,0,0,,
941,left,0.9570775133119102,0.9570775133119102,0,0,,
941,right,0.9505907254429274,0.9505907254429274,0,0,,
947,left,0.9255204308787712,0.9255204308787711,5,5,0.9411136108141912,0.9411136108141911
947,right,0.9184461622927894,0.9184461622927894,1,1,,
952,left,0.9737483555803438,0.9737483555803438,0,0,,
952,right,0.937086785988281,0.937086785988281,1,1,0.981675961249636,0.9816759612496361
954,left,0.9635362677567968,0.9635362677567969,2,2,,
954,right,0.95414978871043,0.9541371493415474,4,3,,
958,left,0.9765847271354924,0.9765839564268293,3,2,,
958,right,0.9578160630143426,0.9578160630143426,0,0,,
972,left,0.9660055800172516,0.9666109200538101,4,2,0.9704827624836754,0.9710910793094318
972,right,0.961751440754424,0.961751440754424,1,1,,
973,left,0.9784012394644978,0.9784012394644978,1,1,,
973,right,0.9685907769275868,0.9685907769275869,4,4,,
980,left,0.9851723812235234,0.9851723812235234,2,2,,
980,right,0.9739337072704168,0.9739278841537481,5,4,,
984,left,0.937680538648729,0.9376761757791817,9,6,0.937680538648729,0.9376761757791817
984,right,0.926788397011318,0.9267375438174733,7,5,0.939422446238162,0.9393794072516921
985,left,0.9537959512516366,0.9537949823294217,4,3,0.9752631624660948,0.9752631124702952
985,right,0.9301754050976148,0.9301754050976148,0,0,,
993,left,0.9236873919921916,0.9236855109701859,5,4,0.9304146501492914,0.9304127545510201
993,right,0.8654527351704902,0.8654527351704902,5,5,0.8877415365548544,0.8877415365548544
995,left,0.972727545505878,0.9727275455058781,1,1,0.9583925152544656,0.9583925152544656
995,right,0.9196962939367692,0.9196962939367692,3,3,0.9567108408653427,0.9567108408653429
997,left,0.9267961996817596,0.9267961996817595,3,3,0.9542279480543564,0.9542279480543563
997,right,0.9513371691523947,0.9513371691523947,2,2,0.9587999581510712,0.9587999581510711
